id,pct.miss,orig.pop,NLB,DLB,FLB,Pop,River.Res,latitude,longitude,FL.old,N.old,Hetero.old,Notes,
ALL02,0,4,0.188,0.405,0.407,Allatoona_GA,Res,34.1331,-84.6244,0.5,0.5,0.5143,,
ALL03,0,4,0.172,0.4553,0.3727,Allatoona_GA,Res,34.1331,-84.6244,0.4429,0.5571,0.5714,,
ALL04,0,4,0.2357,0.4587,0.3057,Allatoona_GA,Res,34.1331,-84.6244,0.3857,0.6143,0.5714,,
ALL05,0,4,0.221,0.4537,0.3253,Allatoona_GA,Res,34.1331,-84.6244,0.5,0.5,0.4571,,
ALL06,0,4,0.2683,0.3627,0.369,Allatoona_GA,Res,34.1331,-84.6244,0.3714,0.6286,0.5429,,
ALL11,0,4,0.2263,0.5048,0.2689,Allatoona_GA,Res,34.1331,-84.6244,0.4857,0.5143,0.4857,,
ALL12,0,4,0.285,0.371,0.344,Allatoona_GA,Res,34.1331,-84.6244,0.3857,0.6143,0.5714,,
ALLATOONA01,0,4,0.208,0.484,0.308,Allatoona_GA,Res,34.1331,-84.6244,0.5429,0.4571,0.4857,,
ALLATOONA10,0,4,0.1343,0.4893,0.3763,Allatoona_GA,Res,34.1331,-84.6244,0.4143,0.5857,0.5143,,
ASF20001,0,4,0.866,0.1167,0.0173,Hatchery_NB,X,X,X,0,1,0,check,heter.O
ASF20002,0,4,0.004,0.004,0.992,Hatchery_FB,X,X,X,1,0,0,check,heter.O
ASF20003,2,4,0.9647,0.0193,0.016,Hatchery_NB,X,X,X,0,1,0,check,heter.O
ASF20005,0,4,0.003,0.004,0.993,Hatchery_FB,X,X,X,1,0,0,check,heter.O
ASF20006,0,4,0.853,0.123,0.024,Hatchery_NB,X,X,X,0,1,0,check,heter.O
ASF20011,0,4,0.424,0.03,0.546,Hatchery_F1,X,X,X,0.5,0.5,0,check,heter.O
ASF20024,0,4,0.003,0.004,0.993,Hatchery_FB,X,X,X,1,0,0,check,heter.O
ASF20031b5,0,4,0.8254,0.1696,0.005,Hatchery_NB,X,X,X,0,1,0,check,heter.O
ASF20046,0,4,0.003,0.004,0.993,Hatchery_FB,X,X,X,1,0,0,check,heter.O
ASF2007,1,4,0.8776,0.1184,0.004,Hatchery_NB,X,X,X,0,1,0,check,heter.O
BM11826,2,2,0.1349,0.8311,0.034,BayMinette_AL,River,30.391669,-87.813291,,,,,
BM11827,2,2,0.02,0.973,0.007,BayMinette_AL,River,30.391669,-87.813291,,,,,
BM12044,4,2,0.1397,0.8553,0.005,BayMinette_AL,River,30.391669,-87.813291,,,,,
BM12045,5,2,0.146,0.8491,0.005,BayMinette_AL,River,30.391669,-87.813291,,,,,
BM12047,4,2,0.0273,0.9647,0.008,BayMinette_AL,River,30.391669,-87.813291,,,,,
BM12048,1,2,0.033,0.963,0.004,BayMinette_AL,River,30.391669,-87.813291,,,,,
BM12049,5,2,0.1509,0.8391,0.01,BayMinette_AL,River,30.391669,-87.813291,,,,,
BM12050,0,2,0.029,0.967,0.004,BayMinette_AL,River,30.391669,-87.813291,,,,,
BM2594,0,2,0.013,0.974,0.013,BayMinette_AL,River,30.391669,-87.813291,,,,,
BM2595,2,2,0.105,0.89,0.005,BayMinette_AL,River,30.391669,-87.813291,,,,,
BM2597,2,2,0.006,0.989,0.005,BayMinette_AL,River,30.391669,-87.813291,,,,,
BM2598,0,2,0.007,0.987,0.006,BayMinette_AL,River,30.391669,-87.813291,,,,,
BM2600,0,2,0.052,0.944,0.004,BayMinette_AL,River,30.391669,-87.813291,,,,,
BM2629,0,2,0.011,0.8221,0.1669,BayMinette_AL,River,30.391669,-87.813291,,,,,
BM2630,0,2,0.0077,0.9883,0.004,BayMinette_AL,River,30.391669,-87.813291,,,,,
BM60710,2,2,0.016,0.977,0.007,BayMinette_AL,River,30.391669,-87.813291,,,,,
BM60711,0,2,0.0287,0.9613,0.01,BayMinette_AL,River,30.391669,-87.813291,,,,,
BM6073,1,2,0.004,0.992,0.004,BayMinette_AL,River,30.391669,-87.813291,,,,,
BM6076,0,2,0.007,0.989,0.004,BayMinette_AL,River,30.391669,-87.813291,,,,,
BM6078,0,2,0.009,0.976,0.015,BayMinette_AL,River,30.391669,-87.813291,,,,,
BOTN18367,0,4,0.7622,0.1998,0.038,Boone_TN,River,36.431767,-82.391364,0.0395,0.9605,,,
BOTN18370,1,4,0.7963,0.1107,0.093,Boone_TN,River,36.431767,-82.391364,0.0789,0.9211,,,
BOTN18373,0,4,0.8263,0.1517,0.022,Boone_TN,River,36.431767,-82.391364,0.0132,0.9868,,,
BOTN18374,0,4,0.8343,0.0887,0.077,Boone_TN,River,36.431767,-82.391364,0.0263,0.9737,,,
BOTN18379,0,4,0.736,0.233,0.031,Boone_TN,River,36.431767,-82.391364,0.0395,0.9605,,,
BOTN18380,0,4,0.8033,0.1157,0.081,Boone_TN,River,36.431767,-82.391364,0.0263,0.9737,,,
BOTN18382,0,4,0.7726,0.1094,0.118,Boone_TN,River,36.431767,-82.391364,0.0526,0.9474,,,
BOTN18384,0,4,0.8481,0.1369,0.015,Boone_TN,River,36.431767,-82.391364,0.0263,0.9737,,,
BOTN18386,0,4,0.7543,0.1877,0.058,Boone_TN,River,36.431767,-82.391364,0.0263,0.9737,,,
BOTN18389,0,4,0.7707,0.1737,0.0557,Boone_TN,River,36.431767,-82.391364,0.0946,0.9054,,,
BOTN18391,0,4,0.809,0.146,0.045,Boone_TN,River,36.431767,-82.391364,0.0921,0.9079,,,
BOTN18394,0,4,0.796,0.118,0.086,Boone_TN,River,36.431767,-82.391364,0.0946,0.9054,,,
BOTN18398,0,4,0.92,0.063,0.017,Boone_TN,River,36.431767,-82.391364,0.027,0.973,,,
BOTN18403,0,4,0.7713,0.1284,0.1004,Boone_TN,River,36.431767,-82.391364,0.0526,0.9474,,,
BOTN18405,0,4,0.8857,0.0853,0.029,Boone_TN,River,36.431767,-82.391364,0.0395,0.9605,,,
BOTN18407,2,4,0.8133,0.1807,0.006,Boone_TN,River,36.431767,-82.391364,0.0405,0.9595,,,
BOTN18408,0,4,0.9004,0.0926,0.007,Boone_TN,River,36.431767,-82.391364,0.0395,0.9605,,,
BOTN18411,0,4,0.7717,0.1909,0.0373,Boone_TN,River,36.431767,-82.391364,0.0132,0.9868,,,
BOTN18414,1,4,0.8617,0.0453,0.093,Boone_TN,River,36.431767,-82.391364,0.0676,0.9324,,,
BOTN18415,1,4,0.7913,0.1467,0.062,Boone_TN,River,36.431767,-82.391364,0.1053,0.8947,,,
BR18131,2,4,0.106,0.5795,0.3144,BlueRidge_GA,Res,34.869225,-84.2698999,0.5,0.5,0.7429,,
BR18135,0,4,0.0813,0.5338,0.3849,BlueRidge_GA,Res,34.869225,-84.2698999,0.4857,0.5143,0.8857,,
BR18138,0,4,0.1097,0.519,0.3713,BlueRidge_GA,Res,34.869225,-84.2698999,0.5857,0.4143,0.6286,,
BR18140,0,4,0.1353,0.5478,0.3169,BlueRidge_GA,Res,34.869225,-84.2698999,0.5143,0.4857,0.2286,,
BR18145,1,4,0.118,0.4975,0.3845,BlueRidge_GA,Res,34.869225,-84.2698999,0.6,0.4,0.4,,
BR18147,0,4,0.1941,0.3578,0.4481,BlueRidge_GA,Res,34.869225,-84.2698999,0.4429,0.5571,0.4286,,
BR18155,1,4,0.1171,0.5457,0.3372,BlueRidge_GA,Res,34.869225,-84.2698999,0.5714,0.4286,0.4,,
BR18158,1,4,0.187,0.359,0.454,BlueRidge_GA,Res,34.869225,-84.2698999,0.4571,0.5429,0.3429,,
BR18160,0,4,0.113,0.498,0.389,BlueRidge_GA,Res,34.869225,-84.2698999,0.4714,0.5286,0.3143,,
BR18165,0,4,0.1546,0.4895,0.3559,BlueRidge_GA,Res,34.869225,-84.2698999,0.4571,0.5429,0.2286,,
BR18166,0,4,0.093,0.5807,0.3263,BlueRidge_GA,Res,34.869225,-84.2698999,0.5571,0.4429,0.4857,,
BR18173,0,4,0.046,0.5809,0.3731,BlueRidge_GA,Res,34.869225,-84.2698999,0.5857,0.4143,0.3143,,
BR18181,1,4,0.1214,0.5083,0.3702,BlueRidge_GA,Res,34.869225,-84.2698999,0.4714,0.5286,0.4857,,
BR18186,0,4,0.1047,0.5307,0.3647,BlueRidge_GA,Res,34.869225,-84.2698999,0.6143,0.3857,0.2571,,
BR18188,0,4,0.122,0.4479,0.4302,BlueRidge_GA,Res,34.869225,-84.2698999,0.5286,0.4714,0.3714,,
CAN11619B,0,2,0.008,0.987,0.005,BBCanot_AL,River,30.835753,-87.984242,0.263,0.737,0.153,0.847,
CAN11620,4,2,0.045,0.95,0.005,BBCanot_AL,River,30.835753,-87.984242,0.23,0.77,0.066,0.934,
CAN11622,0,2,0.005,0.991,0.004,BBCanot_AL,River,30.835753,-87.984242,0.303,0.697,0.115,0.885,
CAN11628,1,2,0.032,0.958,0.01,BBCanot_AL,River,30.835753,-87.984242,0.28,0.72,0.119,0.881,
CAN11629,1,2,0.01,0.986,0.004,BBCanot_AL,River,30.835753,-87.984242,0.263,0.737,0.211,0.789,
CAN11630,0,2,0.014,0.981,0.005,BBCanot_AL,River,30.835753,-87.984242,0.287,0.713,0.115,0.885,
CAN11632,0,2,0.01,0.986,0.004,BBCanot_AL,River,30.835753,-87.984242,0.221,0.779,0.115,0.885,
CAN11828,0,2,0.03,0.965,0.005,BBCanot_AL,River,30.835753,-87.984242,0.314,0.686,0.153,0.847,
CAN11829,0,2,0.004,0.992,0.004,BBCanot_AL,River,30.835753,-87.984242,0.287,0.713,0.18,0.82,
CAN11830,0,2,0.006,0.989,0.005,BBCanot_AL,River,30.835753,-87.984242,,,,,
CAN11831,0,2,0.019,0.975,0.006,BBCanot_AL,River,30.835753,-87.984242,0.246,0.754,0.131,0.869,
CAN11832,1,2,0.004,0.992,0.004,BBCanot_AL,River,30.835753,-87.984242,0.246,0.754,0.164,0.836,
CAN11833,0,2,0.007,0.9877,0.0053,BBCanot_AL,River,30.835753,-87.984242,0.27,0.73,0.115,0.885,
CAN11835,0,2,0.024,0.971,0.005,BBCanot_AL,River,30.835753,-87.984242,0.25,0.75,0.167,0.833,
CAN11836,1,2,0.019,0.9743,0.0067,BBCanot_AL,River,30.835753,-87.984242,0.262,0.738,0.098,0.902,
CAN11837,0,2,0.0193,0.9763,0.0043,BBCanot_AL,River,30.835753,-87.984242,,,,,
CAN11838,0,2,0.007,0.987,0.006,BBCanot_AL,River,30.835753,-87.984242,0.279,0.721,0.164,0.836,
CAN2616,0,2,0.004,0.992,0.004,BBCanot_AL,River,30.835753,-87.984242,0.23,0.77,0.197,0.803,
CAN2617,0,2,0.022,0.972,0.006,BBCanot_AL,River,30.835753,-87.984242,0.311,0.689,0.098,0.902,
CAN2618,1,2,0.004,0.992,0.004,BBCanot_AL,River,30.835753,-87.984242,0.342,0.658,0.05,0.95,
CAN2619,0,2,0.033,0.963,0.004,BBCanot_AL,River,30.835753,-87.984242,,,,,
CAN2626F,0,2,0.006,0.976,0.018,BBCanot_AL,River,30.835753,-87.984242,,,,,
DB12041,0,2,0.005,0.991,0.004,DOliveBay_AL,River,30.656209,-87.41795,0.287,0.713,0.115,,
DB12043,0,2,0.006,0.8864,0.1076,DOliveBay_AL,River,30.656209,-87.41795,0.361,0.639,0.197,,
DB2589,0,2,0.006,0.9887,0.0053,DOliveBay_AL,River,30.656209,-87.41795,,,,,
DB2590,0,2,0.004,0.992,0.004,DOliveBay_AL,River,30.656209,-87.41795,,,,,
DB2591,4,2,0.006,0.99,0.004,DOliveBay_AL,River,30.656209,-87.41795,,,,,
DB2592,0,2,0.004,0.992,0.004,DOliveBay_AL,River,30.656209,-87.41795,0.262,0.738,0.131,,
DB2593,0,2,0.014,0.981,0.005,DOliveBay_AL,River,30.656209,-87.41795,0.254,0.746,0.148,,
DB2633F,2,2,0.006,0.99,0.004,DOliveBay_AL,River,30.656209,-87.41795,0.27,0.73,0.115,,
DB2634,1,2,0.004,0.992,0.004,DOliveBay_AL,River,30.656209,-87.41795,,,,,
DB2635,0,2,0.015,0.9807,0.0043,DOliveBay_AL,River,30.656209,-87.41795,,,,,
DB2636F,0,2,0.0063,0.9887,0.005,DOliveBay_AL,River,30.656209,-87.41795,0.262,0.738,0.197,,
DB2637,0,2,0.004,0.992,0.004,DOliveBay_AL,River,30.656209,-87.41795,0.262,0.738,0.131,,
DB2639F,0,2,0.014,0.975,0.011,DOliveBay_AL,River,30.656209,-87.41795,0.267,0.733,0.1,,
DB2640F,0,2,0.0511,0.9439,0.005,DOliveBay_AL,River,30.656209,-87.41795,0.262,0.738,0.131,,
DB60778B,0,2,0.006,0.99,0.004,DOliveBay_AL,River,30.656209,-87.41795,0.3,0.7,0.055,,
DB60781,2,2,0.103,0.893,0.004,DOliveBay_AL,River,30.656209,-87.41795,0.283,0.717,0.1,,
DB60782,0,2,0.014,0.981,0.005,DOliveBay_AL,River,30.656209,-87.41795,0.28,0.72,0.153,,
DB60783,1,2,0.069,0.58,0.351,DOliveBay_AL,River,30.656209,-87.41795,0.59,0.41,0.393,,
DB60784,0,2,0.028,0.967,0.005,DOliveBay_AL,River,30.656209,-87.41795,0.262,0.738,0.066,,
DB60785,0,2,0.011,0.982,0.007,DOliveBay_AL,River,30.656209,-87.41795,0.283,0.717,0.1,,
DE2003,0,4,0.8999,0.0941,0.006,Delaware,Res,38.794063,-75.693856,0.0286,0.9714,0,,
DE2004,0,4,0.913,0.015,0.072,Delaware,Res,38.794063,-75.693856,0.0286,0.9714,0.0571,,
DE2007,1,4,0.8954,0.026,0.0786,Delaware,Res,38.794063,-75.693856,0.0857,0.9143,0.1143,,
DE2009,0,4,0.8707,0.0193,0.11,Delaware,Res,38.794063,-75.693856,0.0882,0.9118,0.1176,,
DE2015,1,4,0.9326,0.038,0.0293,Delaware,Res,38.794063,-75.693856,0.0571,0.9429,0.0571,,
DE2016,0,4,0.8833,0.0417,0.075,Delaware,Res,38.794063,-75.693856,0.1471,0.8529,0.1765,,
DE2018,0,4,0.9787,0.0153,0.006,Delaware,Res,38.794063,-75.693856,0,1,0,,
DE2019,0,4,0.7474,0.093,0.1596,Delaware,Res,38.794063,-75.693856,0.2286,0.7714,0.4,,
DE2021,0,4,0.7287,0.1063,0.165,Delaware,Res,38.794063,-75.693856,0.1857,0.8143,0.3714,,
DE2024,0,4,0.8833,0.0773,0.0393,Delaware,Res,38.794063,-75.693856,0.0571,0.9429,0.1143,,
DE2026,1,4,0.8378,0.0651,0.0971,Delaware,Res,38.794063,-75.693856,0.1429,0.8571,0.2857,,
DE2027,0,4,0.835,0.049,0.116,Delaware,Res,38.794063,-75.693856,0.1,0.9,0.1429,,
DE2028,0,4,0.5702,0.1307,0.2991,Delaware,Res,38.794063,-75.693856,0.4143,0.5857,0.3714,,
DE2029,1,4,0.6971,0.045,0.2579,Delaware,Res,38.794063,-75.693856,0.3857,0.6143,0.3714,,
DE2030,0,4,0.6571,0.1313,0.2116,Delaware,Res,38.794063,-75.693856,0.1286,0.8714,0.2,,
DMM1,1,4,0.065,0.899,0.036,Demopolis_AL,Res,32.525118,-87.883172,0.219,0.781,0.088,,
DMM12,0,4,0.06,0.926,0.014,Demopolis_AL,Res,32.525118,-87.883172,0.262,0.738,0.197,,
DMM13,0,4,0.044,0.895,0.061,Demopolis_AL,Res,32.525118,-87.883172,0.279,0.721,0.197,,
DMM2,0,4,0.09,0.8934,0.0167,Demopolis_AL,Res,32.525118,-87.883172,0.262,0.738,0.197,,
DMM3,1,4,0.048,0.455,0.497,Demopolis_AL,Res,32.525118,-87.883172,0.582,0.418,0.672,,
DMM31,0,4,0.1009,0.8841,0.015,Demopolis_AL,Res,32.525118,-87.883172,0.279,0.721,0.23,,
DMM32,0,4,0.069,0.864,0.067,Demopolis_AL,Res,32.525118,-87.883172,0.221,0.779,0.115,,
DMM34,0,4,0.044,0.8949,0.061,Demopolis_AL,Res,32.525118,-87.883172,0.262,0.738,0.23,,
DMM35,1,4,0.01,0.982,0.008,Demopolis_AL,Res,32.525118,-87.883172,0.238,0.762,0.148,,
DMM36,1,4,0.037,0.942,0.021,Demopolis_AL,Res,32.525118,-87.883172,0.303,0.697,0.115,,
DMM37,0,4,0.105,0.804,0.091,Demopolis_AL,Res,32.525118,-87.883172,0.262,0.738,0.131,,
DMM38,0,4,0.0624,0.9316,0.006,Demopolis_AL,Res,32.525118,-87.883172,0.23,0.77,0.197,,
DMM39,2,4,0.1589,0.5731,0.2679,Demopolis_AL,Res,32.525118,-87.883172,0.648,0.352,0.475,,
DMM4,0,4,0.124,0.654,0.222,Demopolis_AL,Res,32.525118,-87.883172,0.393,0.607,0.393,,
DMM40,0,4,0.131,0.847,0.022,Demopolis_AL,Res,32.525118,-87.883172,0.246,0.754,0.197,,
DMM44,0,4,0.087,0.8453,0.0677,Demopolis_AL,Res,32.525118,-87.883172,,,,,
DMM5,1,4,0.091,0.903,0.006,Demopolis_AL,Res,32.525118,-87.883172,0.213,0.787,0.197,,
DMM6,0,4,0.1223,0.8717,0.006,Demopolis_AL,Res,32.525118,-87.883172,0.23,0.77,0.164,,
DMM7,2,4,0.0453,0.9223,0.0323,Demopolis_AL,Res,32.525118,-87.883172,0.262,0.738,0.098,,
DMM8,0,4,0.1,0.847,0.053,Demopolis_AL,Res,32.525118,-87.883172,0.287,0.713,0.148,,
EU278,1,4,0.1549,0.2405,0.6046,Eufala_AL,Res,31.911689,-85.159158,0.6429,0.3571,0,,
EU281,1,4,0.1077,0.2973,0.595,Eufala_AL,Res,31.911689,-85.159158,0.6429,0.3571,0,,
EU286,1,4,0.098,0.3619,0.5402,Eufala_AL,Res,31.911689,-85.159158,0.6,0.4,0,,
EU293,1,4,0.154,0.3747,0.4713,Eufala_AL,Res,31.911689,-85.159158,0.5571,0.4429,0.4857,,
EU295,0,4,0.1579,0.3699,0.4722,Eufala_AL,Res,31.911689,-85.159158,0.6,0.4,0.5143,,
EU303,0,4,0.1943,0.3697,0.436,Eufala_AL,Res,31.911689,-85.159158,0.6,0.4,0.2857,,
EU307,0,4,0.1426,0.4537,0.4037,Eufala_AL,Res,31.911689,-85.159158,0.5429,0.4571,0.4,,
EU309,0,4,0.2057,0.3391,0.4552,Eufala_AL,Res,31.911689,-85.159158,0.5143,0.4857,0.4571,,
EU315,1,4,0.111,0.346,0.543,Eufala_AL,Res,31.911689,-85.159158,0.6429,0.3571,0.2,,
EU319,0,4,0.117,0.3967,0.4863,Eufala_AL,Res,31.911689,-85.159158,0.6857,0.3143,0.3429,,
EU325,0,4,0.073,0.3243,0.6027,Eufala_AL,Res,31.911689,-85.159158,0.5571,0.4429,0.3714,,
EU330,0,4,0.0477,0.4051,0.5472,Eufala_AL,Res,31.911689,-85.159158,0.5571,0.4429,0.4857,,
EU337,0,4,0.066,0.4435,0.4905,Eufala_AL,Res,31.911689,-85.159158,0.5429,0.4571,0.5143,,
EU340,0,4,0.121,0.288,0.591,Eufala_AL,Res,31.911689,-85.159158,0.5571,0.4429,0.6,,
EU348,2,4,0.0986,0.3049,0.5965,Eufala_AL,Res,31.911689,-85.159158,0.6857,0.3143,0.1714,,
EU354,0,4,0.138,0.493,0.369,Eufala_AL,Res,31.911689,-85.159158,0.6429,0.3571,0.3143,,
EU355,0,4,0.0387,0.3053,0.656,Eufala_AL,Res,31.911689,-85.159158,0.6143,0.3857,0.4857,,
EU356,2,4,0.1517,0.3673,0.481,Eufala_AL,Res,31.911689,-85.159158,0.6571,0.3429,0.2857,,
EU368,0,4,0.0263,0.3617,0.612,Eufala_AL,Res,31.911689,-85.159158,0.6286,0.3714,0.5143,,
EU370,0,4,0.0623,0.351,0.5867,Eufala_AL,Res,31.911689,-85.159158,0.5571,0.4429,0.4286,,
FL01,0,3,0.003,0.004,0.993,StJohn_FL,River,28.247632,-81.383714,1,0,0,,
FL09,0,3,0.003,0.004,0.993,StJohn_FL,River,28.247632,-81.383714,1,0,0,,
FL12,0,3,0.003,0.004,0.993,StJohn_FL,River,28.247632,-81.383714,1,0,0,,
FL15,0,3,0.003,0.004,0.993,StJohn_FL,River,28.247632,-81.383714,,,,,
FL16,0,3,0.003,0.004,0.993,StJohn_FL,River,28.247632,-81.383714,1,0,0,,
FL20,0,3,0.003,0.004,0.993,StJohn_FL,River,28.247632,-81.383714,,,,,
FL21,0,3,0.003,0.004,0.993,StJohn_FL,River,28.247632,-81.383714,,,,,
FL23,0,3,0.004,0.005,0.991,StJohn_FL,River,28.247632,-81.383714,,,,,
FL30,0,3,0.003,0.004,0.993,StJohn_FL,River,28.247632,-81.383714,1,0,0,,
FLF17,0,3,0.0037,0.004,0.9923,StJohn_FL,River,28.247632,-81.383714,1,0,0,,
FLM10,0,3,0.003,0.004,0.993,StJohn_FL,River,28.247632,-81.383714,1,0,0,,
FLM12,0,3,0.003,0.004,0.993,StJohn_FL,River,28.247632,-81.383714,1,0,0,,
FLM13,0,3,0.003,0.004,0.993,StJohn_FL,River,28.247632,-81.383714,1,0,0,,
FLM15,0,3,0.0037,0.004,0.9923,StJohn_FL,River,28.247632,-81.383714,,,,,
GU10005,1,4,0.3563,0.2727,0.371,Guntersville_AL,Res,34.5523,-86.1192,,,,,
GU10007,0,4,0.471,0.226,0.303,Guntersville_AL,Res,34.5523,-86.1192,0.367,0.633,0.467,,
GU10008,1,4,0.4191,0.2284,0.3525,Guntersville_AL,Res,34.5523,-86.1192,0.525,0.475,0.492,,
GU10026,0,4,0.5328,0.3292,0.138,Guntersville_AL,Res,34.5523,-86.1192,,,,,
GU10032,4,4,0.5243,0.2255,0.2502,Guntersville_AL,Res,34.5523,-86.1192,,,,,
GU10039,0,4,0.2631,0.3118,0.4251,Guntersville_AL,Res,34.5523,-86.1192,,,,,
GU1004,0,4,0.3628,0.2261,0.4111,Guntersville_AL,Res,34.5523,-86.1192,,,,,
GU1033,0,4,0.3937,0.2513,0.355,Guntersville_AL,Res,34.5523,-86.1192,0.375,0.625,0.383,,
GU1040,0,4,0.2801,0.1127,0.6072,Guntersville_AL,Res,34.5523,-86.1192,,,,,
GU11041,0,4,0.3548,0.3691,0.2761,Guntersville_AL,Res,34.5523,-86.1192,,,,,
GU11047,0,4,0.42,0.3017,0.2783,Guntersville_AL,Res,34.5523,-86.1192,,,,,
GU11054,1,4,0.491,0.2737,0.2353,Guntersville_AL,Res,34.5523,-86.1192,,,,,
GU11060,0,4,0.4605,0.2372,0.3023,Guntersville_AL,Res,34.5523,-86.1192,,,,,
GU36,0,4,0.382,0.2847,0.3333,Guntersville_AL,Res,34.5523,-86.1192,,,,,
GU42,0,4,0.318,0.168,0.514,Guntersville_AL,Res,34.5523,-86.1192,,,,,
GU57,0,4,0.1294,0.2091,0.6616,Guntersville_AL,Res,34.5523,-86.1192,,,,,
HA1,0,4,0.22,0.5393,0.2407,Harris_AL,Res,33.2507,-85.6125,0.41,0.59,0.426,,
HA2,1,4,0.1943,0.4998,0.3059,Harris_AL,Res,33.2507,-85.6125,0.5,0.5,0.424,,
HA27B,0,4,0.2477,0.4802,0.2721,Harris_AL,Res,33.2507,-85.6125,0.443,0.557,0.459,,
HA36,2,4,0.1533,0.4029,0.4439,Harris_AL,Res,33.2507,-85.6125,0.525,0.475,0.483,,
HA37,0,4,0.149,0.4149,0.4362,Harris_AL,Res,33.2507,-85.6125,0.475,0.525,0.417,,
HA38,0,4,0.1133,0.62,0.2667,Harris_AL,Res,33.2507,-85.6125,0.402,0.598,0.377,,
HA39,2,4,0.1174,0.5374,0.3452,Harris_AL,Res,33.2507,-85.6125,0.451,0.549,0.311,,
HA4,0,4,0.2014,0.3831,0.4155,Harris_AL,Res,33.2507,-85.6125,0.525,0.475,0.59,,
HA40,1,4,0.3921,0.2277,0.3801,Harris_AL,Res,33.2507,-85.6125,0.5,0.5,0.443,,
HA42,5,4,0.1207,0.4888,0.3905,Harris_AL,Res,33.2507,-85.6125,0.426,0.574,0.393,,
HA43,0,4,0.2183,0.4127,0.369,Harris_AL,Res,33.2507,-85.6125,0.467,0.533,0.467,,
HA44,0,4,0.1549,0.4492,0.3959,Harris_AL,Res,33.2507,-85.6125,0.433,0.567,0.467,,
HA5B,2,4,0.1746,0.3675,0.4578,Harris_AL,Res,33.2507,-85.6125,0.598,0.402,0.41,,
HA6,0,4,0.195,0.5343,0.2707,Harris_AL,Res,33.2507,-85.6125,0.451,0.549,0.508,,
HA7,0,4,0.175,0.534,0.291,Harris_AL,Res,33.2507,-85.6125,0.508,0.492,0.23,,
HA8,4,4,0.039,0.5933,0.3678,Harris_AL,Res,33.2507,-85.6125,0.592,0.408,0.55,,
HRTN18263,0,4,0.7878,0.2072,0.005,HatchieR_TN,River,35.4385632,-89.0797029,0.0921,0.9079,0.0789,,
HRTN18264,0,4,0.665,0.327,0.008,HatchieR_TN,River,35.4385632,-89.0797029,0.0789,0.9211,0.1053,,
HRTN18265B,0,4,0.3401,0.6539,0.006,HatchieR_TN,River,35.4385632,-89.0797029,0.1711,0.8289,0.1316,,
HRTN18266,0,4,0.466,0.528,0.006,HatchieR_TN,River,35.4385632,-89.0797029,0.1316,0.8684,0.2105,,
HRTN18267,0,4,0.6462,0.3478,0.006,HatchieR_TN,River,35.4385632,-89.0797029,0.0658,0.9342,0.1316,,
HRTN18268,0,4,0.589,0.312,0.099,HatchieR_TN,River,35.4385632,-89.0797029,0.1842,0.8158,0.2632,,
HRTN18269B,2,4,0.6343,0.2877,0.078,HatchieR_TN,River,35.4385632,-89.0797029,0.0921,0.9079,0.1316,,
HRTN18270,0,4,0.4317,0.5623,0.006,HatchieR_TN,River,35.4385632,-89.0797029,0.1579,0.8421,0.2632,,
HRTN18271,1,4,0.5305,0.4635,0.006,HatchieR_TN,River,35.4385632,-89.0797029,0.1316,0.8684,0.1579,,
HRTN18272,0,4,0.4019,0.5761,0.022,HatchieR_TN,River,35.4385632,-89.0797029,0.1711,0.8289,0.1842,,
HRTN18273,1,4,0.4758,0.5182,0.006,HatchieR_TN,River,35.4385632,-89.0797029,0.1579,0.8421,0.2105,,
HRTN18274,0,4,0.4543,0.5137,0.032,HatchieR_TN,River,35.4385632,-89.0797029,0.0921,0.9079,0.1316,,
HRTN18275,1,4,0.452,0.541,0.007,HatchieR_TN,River,35.4385632,-89.0797029,0.1053,0.8947,0.1579,,
HRTN18276B,0,4,0.5543,0.427,0.0187,HatchieR_TN,River,35.4385632,-89.0797029,0.0921,0.9079,0.1842,,
HRTN18277,0,4,0.5603,0.4347,0.005,HatchieR_TN,River,35.4385632,-89.0797029,0.1053,0.8947,0.2105,,
HRTN18278,0,4,0.551,0.352,0.097,HatchieR_TN,River,35.4385632,-89.0797029,0.2237,0.7763,0.3421,,
HRTN18279B,1,4,0.496,0.487,0.017,HatchieR_TN,River,35.4385632,-89.0797029,0.0921,0.9079,0.1842,,
HRTN18281,0,4,0.731,0.242,0.027,HatchieR_TN,River,35.4385632,-89.0797029,0.0658,0.9342,0.1316,,
HRTN18282,0,4,0.5562,0.4388,0.005,HatchieR_TN,River,35.4385632,-89.0797029,0.1053,0.8947,0.1053,,
LA2001,0,4,0.7967,0.1983,0.005,CreoleBayou_LA,River,29.39726,-91.1683,0.0286,0.9714,0.0571,,
LA2002,0,4,0.6707,0.1507,0.1787,CreoleBayou_LA,River,29.39726,-91.1683,0.1143,0.8857,0.1714,,
LA2003,0,4,0.738,0.255,0.007,CreoleBayou_LA,River,29.39726,-91.1683,0.1143,0.8857,0.1143,,
LA2004,0,4,0.652,0.31,0.038,CreoleBayou_LA,River,29.39726,-91.1683,0.0714,0.9286,0.1429,,
LA2005,1,4,0.6884,0.1983,0.1133,CreoleBayou_LA,River,29.39726,-91.1683,0.1857,0.8143,0.3143,,
LA2006,0,4,0.769,0.226,0.005,CreoleBayou_LA,River,29.39726,-91.1683,0.0857,0.9143,0.1143,,
LA2007,0,4,0.8157,0.1187,0.0657,CreoleBayou_LA,River,29.39726,-91.1683,0.0571,0.9429,0.1143,,
LA2008,0,4,0.711,0.28,0.009,CreoleBayou_LA,River,29.39726,-91.1683,0.0286,0.9714,0.0571,,
LA2009,0,4,0.735,0.26,0.005,CreoleBayou_LA,River,29.39726,-91.1683,0.0857,0.9143,0.1143,,
LA2010,0,4,0.742,0.251,0.007,CreoleBayou_LA,River,29.39726,-91.1683,0.0286,0.9714,0,,
LA20100,1,4,0.6547,0.3383,0.007,Barataria_LA,River,29.566231,-90.023018,0.0571,0.9429,0.0571,,
LA20101,0,4,0.737,0.257,0.006,Barataria_LA,River,29.566231,-90.023018,0.0571,0.9429,0.1143,,
LA20102,0,4,0.7841,0.2089,0.007,Barataria_LA,River,29.566231,-90.023018,0.0143,0.9857,0.0286,,
LA20103,2,4,0.6774,0.2709,0.0516,Barataria_LA,River,29.566231,-90.023018,0.0286,0.9714,0.0571,,
LA20104,0,4,0.6691,0.2869,0.044,Barataria_LA,River,29.566231,-90.023018,0.0714,0.9286,0.0857,,
LA20105,0,4,0.7913,0.2027,0.006,Barataria_LA,River,29.566231,-90.023018,0.1,0.9,0.2,,
LA20106,0,4,0.6982,0.2948,0.007,Barataria_LA,River,29.566231,-90.023018,0.0857,0.9143,0.1143,,
LA20107,0,4,0.705,0.24,0.055,Barataria_LA,River,29.566231,-90.023018,0.0143,0.9857,0.0286,,
LA20108,0,4,0.67,0.244,0.086,Barataria_LA,River,29.566231,-90.023018,0.2286,0.7714,0.4571,,
LA20109,0,4,0.6202,0.2528,0.127,Barataria_LA,River,29.566231,-90.023018,0.0429,0.9571,0.0857,,
LA2011,1,4,0.808,0.125,0.067,CreoleBayou_LA,River,29.39726,-91.1683,0.0286,0.9714,0.0571,,
LA20110,0,4,0.684,0.295,0.021,Barataria_LA,River,29.566231,-90.023018,0.1143,0.8857,0.1714,,
LA20111,0,4,0.764,0.228,0.008,Barataria_LA,River,29.566231,-90.023018,0.0286,0.9714,0.0571,,
LA20112,1,4,0.6143,0.3477,0.038,Barataria_LA,River,29.566231,-90.023018,0.0571,0.9429,0.1143,,
LA20113g10,0,4,0.705,0.289,0.006,Barataria_LA,River,29.566231,-90.023018,0.0429,0.9571,0.0286,,
LA20114,0,4,0.8486,0.0804,0.071,Barataria_LA,River,29.566231,-90.023018,0.0429,0.9571,0.0286,,
LA20118,0,4,0.8059,0.1881,0.006,WaxDelta_LA,River,29.563703,-91.413283,0.0429,0.9571,0.0857,,
LA2012,1,4,0.777,0.147,0.076,CreoleBayou_LA,River,29.39726,-91.1683,0.0571,0.9429,0.1143,,
LA20121,1,4,0.865,0.115,0.02,WaxDelta_LA,River,29.563703,-91.413283,0.0143,0.9857,0.0286,,
LA20125,1,4,0.8376,0.095,0.0674,WaxDelta_LA,River,29.563703,-91.413283,0,1,0,,
LA20129,0,4,0.7947,0.1973,0.008,WaxDelta_LA,River,29.563703,-91.413283,0.0143,0.9857,0.0286,,
LA2013,0,4,0.8289,0.139,0.032,CreoleBayou_LA,River,29.39726,-91.1683,0.0429,0.9571,0.0857,,
LA20130,0,4,0.7839,0.2111,0.005,WaxDelta_LA,River,29.563703,-91.413283,0.0143,0.9857,0.0286,,
LA20132,0,4,0.896,0.069,0.035,WaxDelta_LA,River,29.563703,-91.413283,0.0143,0.9857,0.0286,,
LA20133,0,4,0.8381,0.1549,0.007,WaxDelta_LA,River,29.563703,-91.413283,0.0429,0.9571,0.0857,,
LA20134,0,4,0.7977,0.169,0.0333,WaxDelta_LA,River,29.563703,-91.413283,0.0714,0.9286,0.1429,,
LA20136,0,4,0.6889,0.1841,0.127,WaxDelta_LA,River,29.563703,-91.413283,0.1571,0.8429,0.2,,
LA20137,0,4,0.8227,0.1533,0.024,WaxDelta_LA,River,29.563703,-91.413283,0.0286,0.9714,0.0571,,
LA20139,0,4,0.7837,0.1813,0.035,WaxDelta_LA,River,29.563703,-91.413283,0.0571,0.9429,0.0571,,
LA2014,0,4,0.7363,0.2437,0.02,CreoleBayou_LA,River,29.39726,-91.1683,0.0143,0.9857,0.0286,,
LA20140,0,4,0.8059,0.1861,0.008,WaxDelta_LA,River,29.563703,-91.413283,0.0143,0.9857,0.0286,,
LA20142,0,4,0.6986,0.1744,0.127,WaxDelta_LA,River,29.563703,-91.413283,0.0857,0.9143,0.1714,,
LA20144,0,4,0.822,0.139,0.039,WaxDelta_LA,River,29.563703,-91.413283,0,1,0,,
LA20147,0,4,0.878,0.116,0.006,WaxDelta_LA,River,29.563703,-91.413283,0,1,0,,
LA2015,0,4,0.6762,0.2648,0.059,CreoleBayou_LA,River,29.39726,-91.1683,0.0286,0.9714,0.0571,,
LA20150,0,4,0.7587,0.1923,0.049,WaxDelta_LA,River,29.563703,-91.413283,0.0714,0.9286,0.1429,,
LA2016,0,4,0.7573,0.2167,0.026,CreoleBayou_LA,River,29.39726,-91.1683,0.0429,0.9571,0.0857,,
LA2017,0,4,0.684,0.274,0.042,CreoleBayou_LA,River,29.39726,-91.1683,0.0286,0.9714,0.0571,,
LA2018,0,4,0.6837,0.2747,0.0417,CreoleBayou_LA,River,29.39726,-91.1683,0.0286,0.9714,0.0571,,
LA2019,0,4,0.6921,0.2205,0.0874,CreoleBayou_LA,River,29.39726,-91.1683,0.0857,0.9143,0.1143,,
LA2020,2,4,0.7963,0.1967,0.007,CreoleBayou_LA,River,29.39726,-91.1683,0.0143,0.9857,0.0286,,
LA2021,0,4,0.4037,0.1323,0.464,CreoleBayou_LA,River,29.39726,-91.1683,0.4571,0.5429,0.5143,,
LA2022,2,4,0.7693,0.103,0.1277,BayouPenchant_LA,River,29.49923,-90.98524,0.1429,0.8571,0.2857,,
LA2023,0,4,0.7753,0.2187,0.006,BayouPenchant_LA,River,29.49923,-90.98524,0.0429,0.9571,0.0857,,
LA2024,1,4,0.6867,0.1833,0.13,BayouPenchant_LA,River,29.49923,-90.98524,0.1,0.9,0.1429,,
LA2025,0,4,0.67,0.27,0.06,BayouPenchant_LA,River,29.49923,-90.98524,0.0143,0.9857,0.0286,,
LA2026,0,4,0.7754,0.1543,0.0703,BayouPenchant_LA,River,29.49923,-90.98524,0.2286,0.7714,0.2857,,
LA2027,2,4,0.767,0.16,0.073,BayouPenchant_LA,River,29.49923,-90.98524,0.1286,0.8714,0.2,,
LA2028,0,4,0.5647,0.1693,0.266,BayouPenchant_LA,River,29.49923,-90.98524,0.3286,0.6714,0.4857,,
LA2029,0,4,0.775,0.1297,0.0953,BayouPenchant_LA,River,29.49923,-90.98524,0.1143,0.8857,0.1714,,
LA2032,0,4,0.6111,0.2599,0.129,BayouPenchant_LA,River,29.49923,-90.98524,0.0714,0.9286,0.1429,,
LA2033,0,4,0.8075,0.1281,0.0644,BayouPenchant_LA,River,29.49923,-90.98524,0.1143,0.8857,0.2286,,
LA2034,1,4,0.6574,0.2326,0.11,BayouPenchant_LA,River,29.49923,-90.98524,0.0857,0.9143,0.1143,,
LA2035,1,4,0.728,0.239,0.033,BayouPenchant_LA,River,29.49923,-90.98524,0.0571,0.9429,0.0571,,
LA2036,0,4,0.8262,0.1299,0.044,BayouPenchant_LA,River,29.49923,-90.98524,0.0429,0.9571,0.0857,,
LA2037,0,4,0.6696,0.2588,0.0716,BayouPenchant_LA,River,29.49923,-90.98524,0.0429,0.9571,0.0857,,
LA2038,0,4,0.7956,0.148,0.0564,BayouPenchant_LA,River,29.49923,-90.98524,0.0286,0.9714,0.0571,,
LA2039,6,4,0.6953,0.2573,0.0473,BayouPenchant_LA,River,29.49923,-90.98524,0.0714,0.9286,0.1429,,
LA2040,0,4,0.6912,0.2071,0.1017,BayouPenchant_LA,River,29.49923,-90.98524,0.1,0.9,0.1429,,
LA2041,0,4,0.789,0.164,0.047,BayouPenchant_LA,River,29.49923,-90.98524,0.0143,0.9857,0.0286,,
LA2042,0,4,0.6382,0.138,0.2237,BayouPenchant_LA,River,29.49923,-90.98524,0.1286,0.8714,0.2571,,
LA2043,1,4,0.7267,0.1913,0.082,BayouPenchant_LA,River,29.49923,-90.98524,0.0857,0.9143,0.1714,,
LA2044,0,4,0.7913,0.2017,0.007,BayouPenchant_LA,River,29.49923,-90.98524,0.0571,0.9429,0.1143,,
LA2045,0,4,0.7767,0.1553,0.068,BayouPenchant_LA,River,29.49923,-90.98524,0.0857,0.9143,0.1714,,
LA2046,0,4,0.8077,0.1033,0.089,BayouPenchant_LA,River,29.49923,-90.98524,0.0571,0.9429,0.0571,,
LA2047,0,4,0.6929,0.2274,0.0797,BayouPenchant_LA,River,29.49923,-90.98524,0.1857,0.8143,0.3143,,
LA2049,0,4,0.6827,0.2293,0.088,BayouPenchant_LA,River,29.49923,-90.98524,0.2,0.8,0.1714,,
LA2050,0,4,0.7546,0.2234,0.022,BayouPenchant_LA,River,29.49923,-90.98524,0.0857,0.9143,0.1714,,
LA2051s,0,4,0.7816,0.2114,0.007,GrandBayou_LA,River,29.4836,-90.35226,0.0429,0.9571,0.0286,,
LA2052s,4,4,0.7638,0.1612,0.0751,GrandBayou_LA,River,29.4836,-90.35226,0.1143,0.8857,0.1143,,
LA2053s,0,4,0.815,0.101,0.084,GrandBayou_LA,River,29.4836,-90.35226,0.1429,0.8571,0.1714,,
LA2054s,0,4,0.811,0.071,0.118,GrandBayou_LA,River,29.4836,-90.35226,0.1176,0.8824,0.1176,,
LA2055s,2,4,0.7404,0.2516,0.008,GrandBayou_LA,River,29.4836,-90.35226,0.0857,0.9143,0.0571,,
LA2056s,4,4,0.819,0.153,0.028,GrandBayou_LA,River,29.4836,-90.35226,0.0857,0.9143,0.1143,,
LA2057s,6,4,0.724,0.228,0.048,GrandBayou_LA,River,29.4836,-90.35226,0.129,0.871,0.0645,,
LA2059s,0,4,0.7667,0.2233,0.01,GrandBayou_LA,River,29.4836,-90.35226,0.0882,0.9118,0,,
LA2060s,0,4,0.741,0.182,0.077,GrandBayou_LA,River,29.4836,-90.35226,0.0429,0.9571,0.0286,,
LA2061s,0,4,0.7873,0.2067,0.006,GrandBayou_LA,River,29.4836,-90.35226,0.0571,0.9429,0.0571,,
LA2062s,0,4,0.6627,0.3303,0.007,GrandBayou_LA,River,29.4836,-90.35226,0.0714,0.9286,0.0857,,
LA2063s,4,4,0.636,0.283,0.081,GrandBayou_LA,River,29.4836,-90.35226,0.1,0.9,0.1429,,
LA2064s,0,4,0.708,0.284,0.008,GrandBayou_LA,River,29.4836,-90.35226,0.0735,0.9265,0.0882,,
LA2065s,0,4,0.762,0.216,0.022,GrandBayou_LA,River,29.4836,-90.35226,0.0857,0.9143,0.0571,,
LA2066s,0,4,0.7653,0.1857,0.049,GrandBayou_LA,River,29.4836,-90.35226,0.1029,0.8971,0.0882,,
LA2067,0,4,0.504,0.3633,0.1327,Pontchartrain_LA,River,29.655307,-89.838158,0.0857,0.9143,0.0571,,
LA2068,0,4,0.4895,0.3735,0.137,Pontchartrain_LA,River,29.655307,-89.838158,0.0714,0.9286,0.0857,,
LA2069,0,4,0.4815,0.4508,0.0676,Pontchartrain_LA,River,29.655307,-89.838158,0.1143,0.8857,0.1714,,
LA2071,1,4,0.4942,0.3881,0.1177,Pontchartrain_LA,River,29.655307,-89.838158,0.1,0.9,0.1429,,
LA2072,0,4,0.4567,0.4763,0.067,Pontchartrain_LA,River,29.655307,-89.838158,0.0857,0.9143,0.1143,,
LA2073,0,4,0.4895,0.4815,0.029,Pontchartrain_LA,River,29.655307,-89.838158,0.0857,0.9143,0.1143,,
LA2074,0,4,0.5037,0.4263,0.07,Pontchartrain_LA,River,29.655307,-89.838158,0.1429,0.8571,0.1143,,
LA2076,0,4,0.4635,0.4805,0.056,Pontchartrain_LA,River,29.655307,-89.838158,0.1,0.9,0.1429,,
LA2077,0,4,0.4442,0.5428,0.013,Pontchartrain_LA,River,29.655307,-89.838158,0.1,0.9,0.0286,,
LA2078,0,4,0.4013,0.5157,0.083,Pontchartrain_LA,River,29.655307,-89.838158,0.1429,0.8571,0.1714,,
LA2079,0,4,0.5192,0.4668,0.014,Pontchartrain_LA,River,29.655307,-89.838158,0.1,0.9,0.1429,,
LA2080,0,4,0.4485,0.5295,0.022,Pontchartrain_LA,River,29.655307,-89.838158,0.1286,0.8714,0.1429,,
LA2081,0,4,0.5545,0.3775,0.068,Pontchartrain_LA,River,29.655307,-89.838158,0.1,0.9,0.2,,
LA2082,1,4,0.4732,0.4425,0.0843,Pontchartrain_LA,River,29.655307,-89.838158,0.1429,0.8571,0.1714,,
LA2083,0,4,0.3979,0.5891,0.013,Pontchartrain_LA,River,29.655307,-89.838158,0.0857,0.9143,0.1143,,
LA2085,0,4,0.4528,0.5372,0.01,Pontchartrain_LA,River,29.655307,-89.838158,0.1429,0.8571,0.2286,,
LA2086,0,4,0.484,0.431,0.085,Pontchartrain_LA,River,29.655307,-89.838158,0.1,0.9,0.0857,,
LA2088,0,4,0.4341,0.5108,0.055,Pontchartrain_LA,River,29.655307,-89.838158,0.1714,0.8286,0.1143,,
LA2089,0,4,0.5997,0.3893,0.011,Pontchartrain_LA,River,29.655307,-89.838158,0.0714,0.9286,0.0857,,
LA2090,0,4,0.4612,0.4828,0.056,Pontchartrain_LA,River,29.655307,-89.838158,0.1,0.9,0.0857,,
LA2092,0,4,0.684,0.279,0.037,Barataria_LA,River,29.566231,-90.023018,0.0571,0.9429,0.1143,,
LA2094,0,4,0.715,0.238,0.047,Barataria_LA,River,29.566231,-90.023018,0.0714,0.9286,0.0857,,
LA2095,0,4,0.7647,0.1973,0.038,Barataria_LA,River,29.566231,-90.023018,0.1,0.9,0.2,,
LA2096,0,4,0.798,0.195,0.007,Barataria_LA,River,29.566231,-90.023018,0.0286,0.9714,0.0571,,
LA2097,1,4,0.6447,0.2223,0.133,Barataria_LA,River,29.566231,-90.023018,0.1286,0.8714,0.2,,
LA2098,1,4,0.6746,0.2894,0.036,Barataria_LA,River,29.566231,-90.023018,0.0714,0.9286,0.1429,,
LA2099,0,4,0.651,0.2163,0.1327,Barataria_LA,River,29.566231,-90.023018,0.1286,0.8714,0.2571,,
LB18001,1,4,0.1609,0.117,0.7221,LakeBurton_GA,Res,34.826683,-83.556108,0.7286,0.2714,0.2,,
LB18003,0,4,0.0861,0.1811,0.7328,LakeBurton_GA,Res,34.826683,-83.556108,0.7571,0.2429,0.3143,,
LB18005,0,4,0.113,0.1747,0.7122,LakeBurton_GA,Res,34.826683,-83.556108,0.7571,0.2429,0.3143,,
LB18008,0,4,0.101,0.232,0.667,LakeBurton_GA,Res,34.826683,-83.556108,0.7714,0.2286,0.3429,,
LB1815,1,4,0.131,0.14,0.729,LakeBurton_GA,Res,34.826683,-83.556108,0.7429,0.2571,0.3429,,
LB1820,0,4,0.072,0.2219,0.7061,LakeBurton_GA,Res,34.826683,-83.556108,0.7714,0.2286,0.4571,,
LB1823,0,4,0.094,0.07,0.836,LakeBurton_GA,Res,34.826683,-83.556108,0.7571,0.2429,0.3714,,
LB1827,1,4,0.1153,0.0957,0.789,LakeBurton_GA,Res,34.826683,-83.556108,0.7857,0.2143,0.3143,,
LB1835,4,4,0.0926,0.2049,0.7025,LakeBurton_GA,Res,34.826683,-83.556108,0.7286,0.2714,0.4286,,
LB1836,1,4,0.094,0.17,0.736,LakeBurton_GA,Res,34.826683,-83.556108,0.7714,0.2286,0.2857,,
LB1837,0,4,0.161,0.107,0.732,LakeBurton_GA,Res,34.826683,-83.556108,0.7286,0.2714,0.3714,,
LB1839,0,4,0.081,0.184,0.735,LakeBurton_GA,Res,34.826683,-83.556108,0.6,0.4,0.5143,,
LB1840,0,4,0.117,0.1333,0.7498,LakeBurton_GA,Res,34.826683,-83.556108,0.6714,0.3286,0.4857,,
LB1849r,0,4,0.1147,0.126,0.7593,LakeBurton_GA,Res,34.826683,-83.556108,0.8143,0.1857,0.3143,,
LB1852,0,4,0.077,0.125,0.798,LakeBurton_GA,Res,34.826683,-83.556108,,,,,
LB1855,0,4,0.1761,0.1384,0.6856,LakeBurton_GA,Res,34.826683,-83.556108,0.7429,0.2571,0.3429,,
LHTN19571,0,4,0.8576,0.0774,0.065,LauralHill_TN,Res,35.20158,-87.32747,0.0571,0.9429,0.1143,,
LHTN19574,0,4,0.789,0.138,0.073,LauralHill_TN,Res,35.20158,-87.32747,0.1,0.9,0.1429,,
LHTN19576,0,4,0.7269,0.2511,0.022,LauralHill_TN,Res,35.20158,-87.32747,0.0286,0.9714,0.0571,,
LHTN19579,0,4,0.8155,0.1175,0.0669,LauralHill_TN,Res,35.20158,-87.32747,0.1143,0.8857,0.1143,,
LHTN19582,0,4,0.8046,0.1457,0.0497,LauralHill_TN,Res,35.20158,-87.32747,0.0286,0.9714,0,,
LHTN19584,0,4,0.7819,0.2121,0.006,LauralHill_TN,Res,35.20158,-87.32747,0.0714,0.9286,0.0857,,
LHTN19585,0,4,0.8019,0.128,0.07,LauralHill_TN,Res,35.20158,-87.32747,0.0429,0.9571,0.0857,,
LHTN19588,1,4,0.7577,0.1926,0.0497,LauralHill_TN,Res,35.20158,-87.32747,0.0714,0.9286,0.1429,,
LHTN19591,0,4,0.7914,0.1529,0.0556,LauralHill_TN,Res,35.20158,-87.32747,0.0429,0.9571,0.0857,,
LHTN19594,0,4,0.8011,0.145,0.054,LauralHill_TN,Res,35.20158,-87.32747,0.1,0.9,0.1429,,
LHTN19597,0,4,0.8526,0.0634,0.0841,LauralHill_TN,Res,35.20158,-87.32747,0.0714,0.9286,0.1429,,
LHTN19600,0,4,0.702,0.25,0.048,LauralHill_TN,Res,35.20158,-87.32747,0.0286,0.9714,0.0571,,
LHTN19603,0,4,0.7457,0.1893,0.065,LauralHill_TN,Res,35.20158,-87.32747,0.1,0.9,0.0857,,
LHTN19605,0,4,0.824,0.138,0.038,LauralHill_TN,Res,35.20158,-87.32747,0.0714,0.9286,0.1429,,
LHTN19607,0,4,0.3933,0.0697,0.537,LauralHill_TN,Res,35.20158,-87.32747,0.5286,0.4714,0.8857,,
LHTN19609,0,4,0.792,0.146,0.062,LauralHill_TN,Res,35.20158,-87.32747,0.0857,0.9143,0.1714,,
LHTN19613,0,4,0.818,0.128,0.054,LauralHill_TN,Res,35.20158,-87.32747,0.1571,0.8429,0.2571,,
LHTN19616,0,4,0.793,0.199,0.008,LauralHill_TN,Res,35.20158,-87.32747,0.1286,0.8714,0.2,,
LHTN19617,0,4,0.6878,0.3072,0.005,LauralHill_TN,Res,35.20158,-87.32747,0.0714,0.9286,0.1429,,
LHTN19620,0,4,0.7397,0.1603,0.1,LauralHill_TN,Res,35.20158,-87.32747,0.1571,0.8429,0.3143,,
LJ14,0,4,0.0913,0.2143,0.6943,Juliette_GA,Res,33.0456,-83.7916,0.7714,0.2286,0.3429,,
LJ2,0,4,0.2435,0.2005,0.556,Juliette_GA,Res,33.0456,-83.7916,0.6429,0.3571,0.3714,,
LJ20,0,4,0.158,0.3147,0.5273,Juliette_GA,Res,33.0456,-83.7916,0.7143,0.2857,0.2857,,
LJ21,0,4,0.181,0.211,0.608,Juliette_GA,Res,33.0456,-83.7916,0.6714,0.3286,0.3143,,
LJ23,0,4,0.1463,0.1819,0.6718,Juliette_GA,Res,33.0456,-83.7916,0.6714,0.3286,0.3143,,
LJ27,0,4,0.1063,0.1103,0.7833,Juliette_GA,Res,33.0456,-83.7916,0.8,0.2,0.2857,,
LJ32,0,4,0.102,0.1297,0.7683,Juliette_GA,Res,33.0456,-83.7916,0.7857,0.2143,0.3714,,
LJ34,0,4,0.135,0.164,0.701,Juliette_GA,Res,33.0456,-83.7916,0.6857,0.3143,0.2857,,
LJ38,0,4,0.1957,0.0703,0.734,Juliette_GA,Res,33.0456,-83.7916,0.8,0.2,0.1143,,
LJ40,1,4,0.122,0.119,0.7591,Juliette_GA,Res,33.0456,-83.7916,0.7,0.3,0.3143,,
LJ42,0,4,0.17,0.193,0.637,Juliette_GA,Res,33.0456,-83.7916,0.8,0.2,0.2286,,
LJ44,0,4,0.123,0.208,0.669,Juliette_GA,Res,33.0456,-83.7916,0.7286,0.2714,0.2571,,
LJ48,2,4,0.17,0.097,0.733,Juliette_GA,Res,33.0456,-83.7916,0.6714,0.3286,0.3143,,
LJ52,0,4,0.169,0.083,0.748,Juliette_GA,Res,33.0456,-83.7916,0.7286,0.2714,0.3714,,
LJ55,1,4,0.1476,0.0856,0.7667,Juliette_GA,Res,33.0456,-83.7916,0.6714,0.3286,0.4857,,
LJ58,0,4,0.1233,0.1667,0.71,Juliette_GA,Res,33.0456,-83.7916,0.7143,0.2857,0.2857,,
LJ59,0,4,0.124,0.206,0.67,Juliette_GA,Res,33.0456,-83.7916,0.7143,0.2857,0.3429,,
LJ66,0,4,0.072,0.2159,0.7121,Juliette_GA,Res,33.0456,-83.7916,0.6,0.4,0.4571,,
LJ68,1,4,0.145,0.121,0.734,Juliette_GA,Res,33.0456,-83.7916,0.7429,0.2571,0.3429,,
LJ73,0,4,0.0664,0.2124,0.7212,Juliette_GA,Res,33.0456,-83.7916,0.7571,0.2429,0.2571,,
LL006,1,4,0.072,0.7597,0.1683,LayLake_AL,Res,33.1166,-86.482,0.426,0.574,0.393,,
LL015,0,4,0.071,0.4908,0.4382,LayLake_AL,Res,33.1166,-86.482,0.541,0.459,0.393,,
LL030,1,4,0.015,0.4385,0.5465,LayLake_AL,Res,33.1166,-86.482,0.738,0.262,0.525,,
LL032,1,4,0.043,0.7781,0.1789,LayLake_AL,Res,33.1166,-86.482,,,,,
LL033,0,4,0.0957,0.7302,0.1741,LayLake_AL,Res,33.1166,-86.482,,,,,
LL034,0,4,0.054,0.7269,0.2191,LayLake_AL,Res,33.1166,-86.482,,,,,
LL10014,0,4,0.007,0.9713,0.0217,LayLake_AL,Res,33.1166,-86.482,0.279,0.721,0.23,,
LL1002,0,4,0.059,0.6904,0.2506,LayLake_AL,Res,33.1166,-86.482,0.458,0.542,0.45,,
LL1003,4,4,0.0717,0.646,0.2823,LayLake_AL,Res,33.1166,-86.482,0.426,0.574,0.426,,
LL1008,0,4,0.037,0.7272,0.2357,LayLake_AL,Res,33.1166,-86.482,0.442,0.558,0.317,,
LL1009,1,4,0.0097,0.8953,0.095,LayLake_AL,Res,33.1166,-86.482,0.364,0.636,0.22,,
LL1011,0,4,0.04,0.448,0.512,LayLake_AL,Res,33.1166,-86.482,0.295,0.705,0.23,,
LL1020,0,4,0.003,0.004,0.993,LayLake_AL,Res,33.1166,-86.482,,,,,
LL1124,6,4,0.1364,0.1794,0.6842,LayLake_AL,Res,33.1166,-86.482,,,,,
LL1126,5,4,0.1537,0.4503,0.396,LayLake_AL,Res,33.1166,-86.482,,,,,
LL1127,0,4,0.1553,0.4797,0.365,LayLake_AL,Res,33.1166,-86.482,,,,,
LL1131,0,4,0.006,0.847,0.147,LayLake_AL,Res,33.1166,-86.482,0.4,0.6,0.267,,
LL1138,0,4,0.045,0.5027,0.4523,LayLake_AL,Res,33.1166,-86.482,,,,,
LL1139,0,4,0.028,0.6551,0.3169,LayLake_AL,Res,33.1166,-86.482,0.59,0.41,0.525,,
LL1145,2,4,0.0791,0.5195,0.4014,LayLake_AL,Res,33.1166,-86.482,,,,,
LM201,1,4,0.2453,0.5327,0.222,LakeMartin_AL,Res,32.79787,-85.825486,0.4143,0.5857,0.3143,,
LM2010,0,4,0.132,0.2856,0.5825,LakeMartin_AL,Res,32.79787,-85.825486,0.5714,0.4286,0.5143,,
LM2011,1,4,0.289,0.4777,0.2333,LakeMartin_AL,Res,32.79787,-85.825486,0.4429,0.5571,0.3714,,
LM2012,1,4,0.2302,0.5467,0.2231,LakeMartin_AL,Res,32.79787,-85.825486,0.3857,0.6143,0.2571,,
LM2013,0,4,0.2479,0.5282,0.2239,LakeMartin_AL,Res,32.79787,-85.825486,0.4,0.6,0.3429,,
LM2014,1,4,0.3009,0.5158,0.1833,LakeMartin_AL,Res,32.79787,-85.825486,0.3857,0.6143,0.4286,,
LM2015,0,4,0.2423,0.5322,0.2256,LakeMartin_AL,Res,32.79787,-85.825486,0.2714,0.7286,0.3143,,
LM2016,1,4,0.2,0.387,0.413,LakeMartin_AL,Res,32.79787,-85.825486,0.5,0.5,0.4857,,
LM2017,1,4,0.1353,0.542,0.3227,LakeMartin_AL,Res,32.79787,-85.825486,0.2714,0.7286,0.3143,,
LM2018,1,4,0.125,0.649,0.226,LakeMartin_AL,Res,32.79787,-85.825486,0.3571,0.6429,0.2571,,
LM2019,0,4,0.205,0.5307,0.2643,LakeMartin_AL,Res,32.79787,-85.825486,0.3714,0.6286,0.2286,,
LM202,1,4,0.2688,0.5098,0.2214,LakeMartin_AL,Res,32.79787,-85.825486,0.3286,0.6714,0.4857,,
LM2020,0,4,0.2596,0.5278,0.2126,LakeMartin_AL,Res,32.79787,-85.825486,0.3714,0.6286,0.2857,,
LM2021,0,4,0.2595,0.4997,0.2408,LakeMartin_AL,Res,32.79787,-85.825486,0.3714,0.6286,0.2857,,
LM2022,0,4,0.1974,0.5502,0.2524,LakeMartin_AL,Res,32.79787,-85.825486,0.2571,0.7429,0.2857,,
LM2023,1,4,0.2957,0.4597,0.2447,LakeMartin_AL,Res,32.79787,-85.825486,0.3,0.7,0.3714,,
LM2025,1,4,0.2579,0.5152,0.2269,LakeMartin_AL,Res,32.79787,-85.825486,0.4286,0.5714,0.4,,
LM203,1,4,0.2099,0.4542,0.3359,LakeMartin_AL,Res,32.79787,-85.825486,0.4714,0.5286,0.4857,,
LM204,1,4,0.261,0.464,0.275,LakeMartin_AL,Res,32.79787,-85.825486,0.3714,0.6286,0.3429,,
LM205,0,4,0.242,0.5,0.258,LakeMartin_AL,Res,32.79787,-85.825486,0.3429,0.6571,0.2857,,
LM206,0,4,0.2167,0.5138,0.2694,LakeMartin_AL,Res,32.79787,-85.825486,0.3286,0.6714,0.2571,,
LM207,0,4,0.18,0.58,0.24,LakeMartin_AL,Res,32.79787,-85.825486,0.4571,0.5429,0.3429,,
LM208,0,4,0.2091,0.5237,0.2672,LakeMartin_AL,Res,32.79787,-85.825486,0.3429,0.6571,0.4,,
LM209,2,4,0.327,0.5143,0.1587,LakeMartin_AL,Res,32.79787,-85.825486,0.3429,0.6571,0.3429,,
LOM17123,1,4,0.045,0.046,0.909,LowerOcmulgee_GA,River,31.778245,-83.018742,0.8714,0.1286,0.2571,,
LOM17124,0,4,0.0487,0.104,0.8473,LowerOcmulgee_GA,River,31.778245,-83.018742,0.9286,0.0714,0.1429,,
LOM17125,0,4,0.022,0.0623,0.9157,LowerOcmulgee_GA,River,31.778245,-83.018742,0.9429,0.0571,0.1143,,
LSRC1,0,4,0.392,0.524,0.084,LewisSmith_AL,Res,34.0478,-87.0249,0.189,0.811,0.18,,
LSRC12,0,4,0.2279,0.7321,0.04,LewisSmith_AL,Res,34.0478,-87.0249,0.267,0.733,0.2,,
LSRC16,2,4,0.0716,0.8697,0.0586,LewisSmith_AL,Res,34.0478,-87.0249,0.217,0.783,0.1,,
LSRC23,0,4,0.0959,0.8741,0.03,LewisSmith_AL,Res,34.0478,-87.0249,0.295,0.705,0.23,,
LSRC27,0,4,0.097,0.883,0.02,LewisSmith_AL,Res,34.0478,-87.0249,,,,,
LSRC29,0,4,0.114,0.868,0.018,LewisSmith_AL,Res,34.0478,-87.0249,,,,,
LSRC33,0,4,0.075,0.879,0.046,LewisSmith_AL,Res,34.0478,-87.0249,,,,,
LSRC37,1,4,0.099,0.895,0.006,LewisSmith_AL,Res,34.0478,-87.0249,,,,,
LSRC38,2,4,0.086,0.7967,0.1173,LewisSmith_AL,Res,34.0478,-87.0249,,,,,
LSRC43B,5,4,0.2562,0.6964,0.0473,LewisSmith_AL,Res,34.0478,-87.0249,,,,,
LSRC44,0,4,0.379,0.561,0.06,LewisSmith_AL,Res,34.0478,-87.0249,,,,,
LSRC45,0,4,0.358,0.5687,0.0733,LewisSmith_AL,Res,34.0478,-87.0249,,,,,
LSRC48,0,4,0.1184,0.7806,0.101,LewisSmith_AL,Res,34.0478,-87.0249,,,,,
LSRC7,2,4,0.153,0.738,0.109,LewisSmith_AL,Res,34.0478,-87.0249,0.279,0.721,0.197,,
LSRC8,0,4,0.2017,0.7753,0.023,LewisSmith_AL,Res,34.0478,-87.0249,0.246,0.754,0.164,,
MATT01,1,1,0.986,0.01,0.004,LakeMattoon_IL,River,39.349343,-88.476983,0,1,0,,
MATT02,1,1,0.971,0.023,0.006,LakeMattoon_IL,River,39.349343,-88.476983,0.008,0.992,0.016,,
MATT04,0,1,0.9873,0.0087,0.004,LakeMattoon_IL,River,39.349343,-88.476983,0.016,0.984,0.033,,
MATT05,1,1,0.94,0.054,0.006,LakeMattoon_IL,River,39.349343,-88.476983,0.016,0.984,0.033,,
MATT06,1,1,0.943,0.052,0.005,LakeMattoon_IL,River,39.349343,-88.476983,0.025,0.975,0.049,,
MATT07,1,1,0.9207,0.0733,0.006,LakeMattoon_IL,River,39.349343,-88.476983,0.016,0.984,0.033,,
MATT08,0,1,0.987,0.01,0.003,LakeMattoon_IL,River,39.349343,-88.476983,0,1,0,,
MATT09,0,1,0.989,0.008,0.003,LakeMattoon_IL,River,39.349343,-88.476983,0,1,0,,
MATT10,0,1,0.9617,0.0323,0.006,LakeMattoon_IL,River,39.349343,-88.476983,0,1,0,,
MATT11,0,1,0.908,0.087,0.005,LakeMattoon_IL,River,39.349343,-88.476983,0,1,0,,
MATT12,0,1,0.899,0.094,0.007,LakeMattoon_IL,River,39.349343,-88.476983,0.008,0.992,0.016,,
MATT18,0,1,0.962,0.025,0.013,LakeMattoon_IL,River,39.349343,-88.476983,0.016,0.984,0.033,,
MATT23,0,1,0.939,0.055,0.006,LakeMattoon_IL,River,39.349343,-88.476983,0.033,0.967,0.033,,
MATT34,0,1,0.982,0.014,0.004,LakeMattoon_IL,River,39.349343,-88.476983,,,,,
MBTN19472,0,4,0.735,0.1483,0.1167,Marrowbone_TN,Res,36.303477,-86.91586,0.0571,0.9429,0.1143,,
MBTN19474,0,4,0.8559,0.0851,0.059,Marrowbone_TN,Res,36.303477,-86.91586,0.1429,0.8571,0.2286,,
MBTN19475,0,4,0.7724,0.1326,0.095,Marrowbone_TN,Res,36.303477,-86.91586,0.0286,0.9714,0.0571,,
MBTN19478,0,4,0.7737,0.1683,0.058,Marrowbone_TN,Res,36.303477,-86.91586,0.1429,0.8571,0.1714,,
MBTN19481,0,4,0.7799,0.044,0.1761,Marrowbone_TN,Res,36.303477,-86.91586,0.1857,0.8143,0.2571,,
MBTN19483,0,4,0.768,0.148,0.084,Marrowbone_TN,Res,36.303477,-86.91586,0.1429,0.8571,0.2286,,
MBTN19486,0,4,0.6992,0.1447,0.1561,Marrowbone_TN,Res,36.303477,-86.91586,0.1286,0.8714,0.2,,
MBTN19488,0,4,0.7571,0.1549,0.088,Marrowbone_TN,Res,36.303477,-86.91586,0.0143,0.9857,0.0286,,
MBTN19489,0,4,0.8177,0.1183,0.064,Marrowbone_TN,Res,36.303477,-86.91586,0.0429,0.9571,0.0857,,
MBTN19492,0,4,0.704,0.21,0.086,Marrowbone_TN,Res,36.303477,-86.91586,0.1571,0.8429,0.1429,,
MBTN19494,0,4,0.8233,0.1217,0.055,Marrowbone_TN,Res,36.303477,-86.91586,0.0441,0.9559,0.0882,,
MBTN19497,0,4,0.7944,0.08,0.1256,Marrowbone_TN,Res,36.303477,-86.91586,0.0857,0.9143,0.1714,,
MBTN19500,0,4,0.7593,0.1607,0.08,Marrowbone_TN,Res,36.303477,-86.91586,0.0429,0.9571,0.0857,,
MBTN19503,0,4,0.8207,0.1066,0.0726,Marrowbone_TN,Res,36.303477,-86.91586,0.1429,0.8571,0.2286,,
MBTN19506,0,4,0.701,0.1903,0.1087,Marrowbone_TN,Res,36.303477,-86.91586,0.2143,0.7857,0.2571,,
MBTN19509,0,4,0.7972,0.1368,0.066,Marrowbone_TN,Res,36.303477,-86.91586,0.1286,0.8714,0.1429,,
MBTN19513,0,4,0.831,0.111,0.058,Marrowbone_TN,Res,36.303477,-86.91586,0.1857,0.8143,0.2,,
MBTN19517,0,4,0.78,0.138,0.082,Marrowbone_TN,Res,36.303477,-86.91586,0.0429,0.9571,0.0857,,
MBTN19519,0,4,0.7783,0.1511,0.0707,Marrowbone_TN,Res,36.303477,-86.91586,0.0714,0.9286,0.1429,,
MBTN19520,0,4,0.8447,0.1183,0.037,Marrowbone_TN,Res,36.303477,-86.91586,0.0857,0.9143,0.1714,,
MDNR2001,0,4,0.8903,0.0393,0.0704,Maryland,Res,38.17676,-75.39782,0.0286,0.9714,0.0571,,
MDNR2004,0,4,0.891,0.039,0.07,Maryland,Res,38.17676,-75.39782,0.0571,0.9429,0.1143,,
MDNR2006,1,4,0.903,0.0453,0.0517,Maryland,Res,38.17676,-75.39782,0.0143,0.9857,0.0286,,
MDNR2009,1,4,0.817,0.0543,0.1287,Maryland,Res,38.17676,-75.39782,0.0286,0.9714,0.0571,,
MDNR2014,0,4,0.944,0.016,0.04,Maryland,Res,38.17676,-75.39782,0.1143,0.8857,0.2286,,
MDNR2016,0,4,0.973,0.015,0.012,Maryland,Res,38.17676,-75.39782,0.0143,0.9857,0.0286,,
MDNR2017,1,4,0.8601,0.1349,0.005,Maryland,Res,38.17676,-75.39782,0.0143,0.9857,0.0286,,
MDNR2021,0,4,0.9027,0.0283,0.069,Maryland,Res,38.17676,-75.39782,0.0143,0.9857,0.0286,,
MDNR2023,4,4,0.893,0.072,0.035,Maryland,Res,38.17676,-75.39782,0.0857,0.9143,0.1714,,
MF1,0,4,0.007,0.958,0.035,MillersFerry_AL,Res,32.0996,-87.3675,0.262,0.738,0.197,,
MF2,0,4,0.02,0.965,0.015,MillersFerry_AL,Res,32.0996,-87.3675,0.295,0.705,0.164,,
MF23B,0,4,0.0203,0.9743,0.0053,MillersFerry_AL,Res,32.0996,-87.3675,0.287,0.713,0.148,,
MF43,1,4,0.0287,0.9414,0.03,MillersFerry_AL,Res,32.0996,-87.3675,0.221,0.779,0.18,,
MF44,0,4,0.0531,0.9429,0.004,MillersFerry_AL,Res,32.0996,-87.3675,0.279,0.721,0.066,,
MF45,0,4,0.076,0.9144,0.0097,MillersFerry_AL,Res,32.0996,-87.3675,0.27,0.73,0.18,,
MF46,1,4,0.012,0.9387,0.0493,MillersFerry_AL,Res,32.0996,-87.3675,0.311,0.689,0.131,,
MF47,0,4,0.007,0.9717,0.0213,MillersFerry_AL,Res,32.0996,-87.3675,0.278,0.722,0.259,,
MF48,1,4,0.073,0.853,0.074,MillersFerry_AL,Res,32.0996,-87.3675,0.328,0.672,0.262,,
MF49,0,4,0.009,0.958,0.033,MillersFerry_AL,Res,32.0996,-87.3675,0.254,0.746,0.115,,
MF4B,1,4,0.0183,0.8807,0.101,MillersFerry_AL,Res,32.0996,-87.3675,0.392,0.608,0.183,,
MF5,0,4,0.021,0.9149,0.064,MillersFerry_AL,Res,32.0996,-87.3675,0.279,0.721,0.164,,
MF50,0,4,0.004,0.961,0.035,MillersFerry_AL,Res,32.0996,-87.3675,0.287,0.713,0.213,,
MF6,2,4,0.012,0.941,0.047,MillersFerry_AL,Res,32.0996,-87.3675,0.292,0.708,0.117,,
MF7,1,4,0.1444,0.8516,0.004,MillersFerry_AL,Res,32.0996,-87.3675,0.275,0.725,0.083,,
MF8,0,4,0.0243,0.9586,0.017,MillersFerry_AL,Res,32.0996,-87.3675,0.287,0.713,0.115,,
Mill1,0,1,0.955,0.039,0.006,MillCreek_IL,River,37.349272,-89.25497,0,1,0,,
Mill12,0,1,0.987,0.009,0.004,MillCreek_IL,River,37.349272,-89.25497,0.016,0.984,0.033,,
Mill13,0,1,0.9663,0.029,0.0047,MillCreek_IL,River,37.349272,-89.25497,0.016,0.984,0.033,,
Mill16,0,1,0.965,0.03,0.005,MillCreek_IL,River,37.349272,-89.25497,0,1,0,,
Mill17,1,1,0.895,0.1,0.005,MillCreek_IL,River,37.349272,-89.25497,0.025,0.975,0.049,,
Mill18,1,1,0.963,0.031,0.006,MillCreek_IL,River,37.349272,-89.25497,0.033,0.967,0.033,,
Mill2,0,1,0.949,0.045,0.006,MillCreek_IL,River,37.349272,-89.25497,0.008,0.992,0.016,,
Mill20,1,1,0.962,0.033,0.005,MillCreek_IL,River,37.349272,-89.25497,0,1,0,,
Mill22,5,1,0.6263,0.2853,0.0883,MillCreek_IL,River,37.349272,-89.25497,0.008,0.992,0.016,,
Mill23,1,1,0.9443,0.0507,0.005,MillCreek_IL,River,37.349272,-89.25497,0.016,0.984,0.033,,
Mill28,2,1,0.951,0.021,0.028,MillCreek_IL,River,37.349272,-89.25497,,,,,
Mill29,1,1,0.897,0.096,0.007,MillCreek_IL,River,37.349272,-89.25497,,,,,
Mill34,0,1,0.9183,0.0777,0.004,MillCreek_IL,River,37.349272,-89.25497,,,,,
Mill5,0,1,0.955,0.04,0.005,MillCreek_IL,River,37.349272,-89.25497,0,1,0,,
Mill6,0,1,0.979,0.017,0.004,MillCreek_IL,River,37.349272,-89.25497,0,1,0,,
Mill8,0,1,0.9897,0.0073,0.003,MillCreek_IL,River,37.349272,-89.25497,0.016,0.984,0,,
MYS18131,2,4,0.2023,0.0976,0.7001,AltamahaOconee_GA,River,31.957737,-82.540432,,,,,
MYS18F136,0,4,0.029,0.02,0.951,AltamahaOconee_GA,River,31.957737,-82.540432,,,,,
MYS18F141,0,4,0.008,0.0754,0.9166,AltamahaOconee_GA,River,31.957737,-82.540432,,,,,
MYS19100,1,4,0.1701,0.1794,0.6506,AltamahaOconee_GA,River,31.957737,-82.540432,0.6,0.4,0,,
MYS19100m,1,4,0.1701,0.1794,0.6506,AltamahaOconee_GA,River,31.957737,-82.540432,0.6,0.4,0,,
MYS19101,2,4,0.155,0.1907,0.6543,MYS,River,X,X,0.6,0.4,0,,
MYS19102,0,4,0.006,0.045,0.949,AltamahaOconee_GA,River,31.957737,-82.540432,0.9571,0.0429,0.0286,,
MYS19103,1,4,0.1473,0.1967,0.656,AltamahaOconee_GA,River,31.957737,-82.540432,0.6,0.4,0,,
MYS19114,1,4,0.144,0.1886,0.6674,AltamahaOconee_GA,River,31.957737,-82.540432,0.6,0.4,0,,
MYS19114m,1,4,0.144,0.1886,0.6674,MYS,River,X,X,0.6,0.4,0,,
MYS19115,1,4,0.1443,0.1877,0.668,MYS,River,X,X,0.6,0.4,0,,
MYS19116,2,4,0.151,0.183,0.666,MYS,River,X,X,0.6,0.4,0,,
MYS19118,0,4,0.0203,0.02,0.9597,AltamahaOconee_GA,River,31.957737,-82.540432,0.9714,0.0286,0.0571,,
MYS1912,0,4,0.037,0.027,0.936,AltamahaOconee_GA,River,31.957737,-82.540432,0.9857,0.0143,0.0286,,
MYS19120,1,4,0.006,0.046,0.948,AltamahaOconee_GA,River,31.957737,-82.540432,0.9143,0.0857,0.1714,,
MYS19123,0,4,0.01,0.041,0.949,AltamahaOconee_GA,River,31.957737,-82.540432,0.9857,0.0143,0.0286,,
MYS1914,2,4,0.1214,0.2245,0.6541,MYS,River,X,X,0.6,0.4,0,,
MYS1918,0,4,0.008,0.011,0.981,AltamahaOconee_GA,River,31.957737,-82.540432,1,0,0,,
MYS1923,0,4,0.008,0.0437,0.9484,AltamahaOconee_GA,River,31.957737,-82.540432,0.9286,0.0714,0.0857,,
MYS1933,1,4,0.0177,0.032,0.9503,AltamahaOconee_GA,River,31.957737,-82.540432,0.9857,0.0143,0.0286,,
MYS1936,1,4,0.004,0.016,0.98,AltamahaOconee_GA,River,31.957737,-82.540432,0.9,0.1,0.0857,,
MYS1953,1,4,0.1473,0.1963,0.6563,MYS,River,X,X,0.6,0.4,0,,
MYS1958,2,4,0.008,0.011,0.981,AltamahaOconee_GA,River,31.957737,-82.540432,0.8429,0.1571,0.2571,,
MYS1959,4,4,0.138,0.195,0.667,MYS,River,X,X,0.6,0.4,0,,
MYS1961,0,4,0.01,0.066,0.924,AltamahaOconee_GA,River,31.957737,-82.540432,0.9571,0.0429,0.0857,,
MYS1962,0,4,0.01,0.01,0.98,AltamahaOconee_GA,River,31.957737,-82.540432,0.9857,0.0143,0.0286,,
MYS1965,1,4,0.1671,0.1704,0.6624,MYS,River,X,X,0.6,0.4,0,,
MYS1966,2,4,0.1706,0.1486,0.6808,MYS,River,X,X,0.6,0.4,0,,
MYS197,5,4,0.084,0.24,0.676,MYS,River,X,X,0.6,0.4,0,,
MYS1991,1,4,0.023,0.031,0.946,AltamahaOconee_GA,River,31.957737,-82.540432,1,0,0,,
MYS1995,2,4,0.015,0.016,0.969,AltamahaOconee_GA,River,31.957737,-82.540432,0.9286,0.0714,0.1429,,
MYS1999,1,4,0.1443,0.1877,0.668,MYS,River,X,X,0.6,0.4,0,,
NB07,5,1,0.9433,0.0527,0.004,Hatchery_NB,X,X,X,0,1,0,,
NB11,2,1,0.891,0.0907,0.0183,Hatchery_NB,X,X,X,0,1,0,,
NB13,0,1,0.926,0.07,0.004,Hatchery_NB,X,X,X,0,1,0,,
NB19,2,1,0.954,0.042,0.004,Hatchery_NB,X,X,X,0,1,0,,
NBM01,2,1,0.9014,0.0926,0.006,Hatchery_NB,X,X,X,0,1,0,,
NC20052,5,4,0.776,0.0863,0.1377,Rhodhiss_MtNC,Res,35.78269,-81.47475,0.2571,0.7429,0.4,,
NC20056,0,4,0.6373,0.1207,0.242,Rhodhiss_MtNC,Res,35.78269,-81.47475,0.2429,0.7571,0.4286,,
NC20057,2,4,0.4205,0.083,0.4965,Rhodhiss_MtNC,Res,35.78269,-81.47475,0.4714,0.5286,0.7143,,
NC20058,0,4,0.648,0.0223,0.3297,Rhodhiss_MtNC,Res,35.78269,-81.47475,0.2571,0.7429,0.2857,,
NC20061,0,4,0.6566,0.0556,0.2878,Rhodhiss_MtNC,Res,35.78269,-81.47475,0.3143,0.6857,0.4571,,
NC20062,0,4,0.6777,0.0287,0.2937,Rhodhiss_MtNC,Res,35.78269,-81.47475,0.3714,0.6286,0.3429,,
NC20063,0,4,0.8477,0.0273,0.125,Rhodhiss_MtNC,Res,35.78269,-81.47475,0.1571,0.8429,0.2,,
NC20066,0,4,0.7311,0.055,0.2139,Rhodhiss_MtNC,Res,35.78269,-81.47475,0.2429,0.7571,0.3143,,
NC20069,0,4,0.6523,0.036,0.3117,Rhodhiss_MtNC,Res,35.78269,-81.47475,0.1286,0.8714,0.2,,
NC20072,2,4,0.5799,0.1074,0.3128,Rhodhiss_MtNC,Res,35.78269,-81.47475,0.2143,0.7857,0.3714,,
NC20078,0,4,0.616,0.0677,0.3163,Rhodhiss_MtNC,Res,35.78269,-81.47475,0.3429,0.6571,0.2286,,
NC20083,0,4,0.6971,0.031,0.2719,Rhodhiss_MtNC,Res,35.78269,-81.47475,0.2143,0.7857,0.3143,,
NC20088,2,4,0.717,0.113,0.17,Rhodhiss_MtNC,Res,35.78269,-81.47475,0.2,0.8,0.1143,,
NC20093,0,4,0.691,0.0523,0.2567,Rhodhiss_MtNC,Res,35.78269,-81.47475,0.2286,0.7714,0.4571,,
NC20096B,1,4,0.7251,0.038,0.2369,Rhodhiss_MtNC,Res,35.78269,-81.47475,0.1857,0.8143,0.2571,,
NC20151,0,4,0.2139,0.0456,0.7405,Thom_PiNC,Res,35.88769,-80.18929,0.7571,0.2429,0.3143,,
NC20153,0,4,0.442,0.0277,0.5303,Thom_PiNC,Res,35.88769,-80.18929,0.5,0.5,0.6,,
NC20156,1,4,0.352,0.0287,0.6193,Thom_PiNC,Res,35.88769,-80.18929,0.7143,0.2857,0.3429,,
NC20159,0,4,0.319,0.16,0.521,Thom_PiNC,Res,35.88769,-80.18929,0.5286,0.4714,0.4286,,
NC20161,0,4,0.161,0.082,0.757,Thom_PiNC,Res,35.88769,-80.18929,0.6429,0.3571,0.4857,,
NC20163,0,4,0.4275,0.1764,0.3961,Thom_PiNC,Res,35.88769,-80.18929,0.4714,0.5286,0.3714,,
NC20166,0,4,0.2271,0.1684,0.6045,Thom_PiNC,Res,35.88769,-80.18929,0.6143,0.3857,0.4286,,
NC20170,0,4,0.3249,0.0933,0.5818,Thom_PiNC,Res,35.88769,-80.18929,0.5714,0.4286,0.4571,,
NC20173,0,4,0.401,0.121,0.478,Thom_PiNC,Res,35.88769,-80.18929,0.6571,0.3429,0.5143,,
NC20174,0,4,0.6393,0.1097,0.251,Thom_PiNC,Res,35.88769,-80.18929,0.2571,0.7429,0.5143,,
NC20177,0,4,0.7167,0.0373,0.246,Thom_PiNC,Res,35.88769,-80.18929,0.3571,0.6429,0.6571,,
NC20183,1,4,0.2234,0.1034,0.6732,Thom_PiNC,Res,35.88769,-80.18929,0.7857,0.2143,0.2571,,
NC20187,4,4,0.087,0.022,0.891,Thom_PiNC,Res,35.88769,-80.18929,0.8286,0.1714,0.1714,,
NC20192,0,4,0.6447,0.0643,0.291,Thom_PiNC,Res,35.88769,-80.18929,0.3429,0.6571,0.4,,
NC20197,1,4,0.4803,0.0414,0.4783,Thom_PiNC,Res,35.88769,-80.18929,0.5571,0.4429,0.5429,,
NC20252,0,4,0.1536,0.0716,0.7747,Harris_PiNC,Res,35.610192,-78.948635,0.8286,0.1714,0.2286,,
NC20255,1,4,0.1879,0.028,0.7841,Harris_PiNC,Res,35.610192,-78.948635,0.7,0.3,0.4286,,
NC20256,0,4,0.1857,0.115,0.6993,Harris_PiNC,Res,35.610192,-78.948635,0.7857,0.2143,0.3714,,
NC20257,0,4,0.259,0.059,0.682,Harris_PiNC,Res,35.610192,-78.948635,0.7857,0.2143,0.3143,,
NC20261,1,4,0.14,0.1849,0.6751,Harris_PiNC,Res,35.610192,-78.948635,0.7,0.3,0.3714,,
NC20262,0,4,0.227,0.065,0.708,Harris_PiNC,Res,35.610192,-78.948635,0.6143,0.3857,0.3714,,
NC20265,2,4,0.2272,0.023,0.7497,Harris_PiNC,Res,35.610192,-78.948635,0.6429,0.3571,0.3714,,
NC20269,0,4,0.151,0.102,0.747,Harris_PiNC,Res,35.610192,-78.948635,0.7286,0.2714,0.2571,,
NC20271,0,4,0.217,0.208,0.575,Harris_PiNC,Res,35.610192,-78.948635,0.6286,0.3714,0.4,,
NC20276,0,4,0.241,0.017,0.742,Harris_PiNC,Res,35.610192,-78.948635,0.6571,0.3429,0,,
NC20279,0,4,0.1624,0.128,0.7096,Harris_PiNC,Res,35.610192,-78.948635,0.7143,0.2857,0.4,,
NC20283,1,4,0.077,0.17,0.753,Harris_PiNC,Res,35.610192,-78.948635,0.6857,0.3143,0.4,,
NC20288,0,4,0.146,0.07,0.7839,Harris_PiNC,Res,35.610192,-78.948635,0.7571,0.2429,0.3714,,
NC20292,2,4,0.1883,0.0907,0.721,Harris_PiNC,Res,35.610192,-78.948635,0.8143,0.1857,0.2,,
NC20297B,0,4,0.2039,0.008,0.7881,Harris_PiNC,Res,35.610192,-78.948635,0.8,0.2,0.2286,,
NC20300,1,4,0.045,0.056,0.899,SuttonL_CoNC,Res,34.300014,-78.000747,0.9571,0.0429,0.0286,,
NC20301B,0,4,0.063,0.007,0.93,SuttonL_CoNC,Res,34.300014,-78.000747,0.9714,0.0286,0.0571,,
NC20305,1,4,0.0386,0.046,0.9154,SuttonL_CoNC,Res,34.300014,-78.000747,0.9714,0.0286,0.0571,,
NC20309,0,4,0.029,0.037,0.934,SuttonL_CoNC,Res,34.300014,-78.000747,0.9571,0.0429,0.0857,,
NC20311,0,4,0.026,0.0237,0.9503,SuttonL_CoNC,Res,34.300014,-78.000747,0.9286,0.0714,0.0857,,
NC20313,1,4,0.05,0.027,0.923,SuttonL_CoNC,Res,34.300014,-78.000747,1,0,0,,
NC20317B,0,4,0.0496,0.014,0.9364,SuttonL_CoNC,Res,34.300014,-78.000747,0.9286,0.0714,0.0857,,
NC20320,1,4,0.0087,0.046,0.9454,SuttonL_CoNC,Res,34.300014,-78.000747,0.9857,0.0143,0.0286,,
NC20322,0,4,0.0337,0.0297,0.9367,SuttonL_CoNC,Res,34.300014,-78.000747,0.9571,0.0429,0.0857,,
NC20323,1,4,0.053,0.036,0.911,SuttonL_CoNC,Res,34.300014,-78.000747,0.9286,0.0714,0.0857,,
NC20328,1,4,0.006,0.046,0.948,SuttonL_CoNC,Res,34.300014,-78.000747,0.9857,0.0143,0.0286,,
NC20332,0,4,0.005,0.014,0.981,SuttonL_CoNC,Res,34.300014,-78.000747,0.9714,0.0286,0.0571,,
NC20335,0,4,0.008,0.08,0.912,SuttonL_CoNC,Res,34.300014,-78.000747,0.9,0.1,0.0857,,
NC20339B,1,4,0.05,0.027,0.923,SuttonL_CoNC,Res,34.300014,-78.000747,0.9429,0.0571,0.1143,,
NC20341,1,4,0.041,0.0207,0.9384,SuttonL_CoNC,Res,34.300014,-78.000747,0.9143,0.0857,0.1714,,
NC20355,2,4,0.1944,0.0233,0.7823,WhiteL_CoNC,River,34.642825,-78.498367,0.8429,0.1571,0.1429,,
NC20363,4,4,0.4009,0.0663,0.5328,WhiteL_CoNC,River,34.642825,-78.498367,0.5857,0.4143,0.6571,,
NC20365,1,4,0.1871,0.034,0.7789,WhiteL_CoNC,River,34.642825,-78.498367,0.7714,0.2286,0.2857,,
NC20370,2,4,0.1956,0.086,0.7184,WhiteL_CoNC,River,34.642825,-78.498367,0.7,0.3,0.3714,,
NC20372B,1,4,0.2486,0.022,0.7294,WhiteL_CoNC,River,34.642825,-78.498367,0.7143,0.2857,0.3429,,
NC20377B,1,4,0.036,0.05,0.914,WhiteL_CoNC,River,34.642825,-78.498367,0.8857,0.1143,0,,
NC20385B,2,4,0.1014,0.0343,0.8643,WhiteL_CoNC,River,34.642825,-78.498367,0.9,0.1,0.0286,,
NC20388,1,4,0.0786,0.0933,0.8281,WhiteL_CoNC,River,34.642825,-78.498367,0.8714,0.1286,0.0857,,
NC20391,4,4,0.3579,0.0453,0.5968,WhiteL_CoNC,River,34.642825,-78.498367,0.5714,0.4286,0.5143,,
NC20399,4,4,0.0746,0.1056,0.8197,WhiteL_CoNC,River,34.642825,-78.498367,0.8571,0.1429,0.1714,,
NCR20402,1,4,0.1467,0.056,0.7973,BayTreeL_CoNC,River,34.665341,-78.402137,0.8143,0.1857,0.2,,
NCR20404,0,4,0.1773,0.0537,0.769,BayTreeL_CoNC,River,34.665341,-78.402137,0.7,0.3,0.4857,,
NCR20409,1,4,0.1393,0.1267,0.734,BayTreeL_CoNC,River,34.665341,-78.402137,0.7429,0.2571,0.4571,,
NCR20413,0,4,0.136,0.1013,0.7627,BayTreeL_CoNC,River,34.665341,-78.402137,0.7143,0.2857,0.3429,,
NCR20415,0,4,0.1577,0.1053,0.737,BayTreeL_CoNC,River,34.665341,-78.402137,0.6286,0.3714,0.4571,,
NCR20416,0,4,0.151,0.07,0.779,BayTreeL_CoNC,River,34.665341,-78.402137,0.7,0.3,0.3143,,
NCR20419,0,4,0.266,0.024,0.71,BayTreeL_CoNC,River,34.665341,-78.402137,0.6,0.4,0.4571,,
NCR20421,0,4,0.2143,0.0377,0.748,BayTreeL_CoNC,River,34.665341,-78.402137,0.7,0.3,0.2571,,
NCR20422,0,4,0.1567,0.1493,0.694,BayTreeL_CoNC,River,34.665341,-78.402137,0.7571,0.2429,0.2571,,
NCR20426,2,4,0.222,0.029,0.749,BayTreeL_CoNC,River,34.665341,-78.402137,0.7143,0.2857,0.2286,,
NCR20431,0,4,0.2007,0.104,0.6952,BayTreeL_CoNC,River,34.665341,-78.402137,0.6857,0.3143,0.4571,,
NCR20432,1,4,0.1533,0.1097,0.737,BayTreeL_CoNC,River,34.665341,-78.402137,0.8,0.2,0.2286,,
NCR20439,0,4,0.2033,0.077,0.7197,BayTreeL_CoNC,River,34.665341,-78.402137,0.6857,0.3143,0.2857,,
NCR20442,0,4,0.1377,0.122,0.7402,BayTreeL_CoNC,River,34.665341,-78.402137,0.6714,0.3286,0.2571,,
NCR20449,1,4,0.1623,0.117,0.7207,BayTreeL_CoNC,River,34.665341,-78.402137,0.7143,0.2857,0.2857,,
NH1,0,4,0.1353,0.6708,0.1939,NeelyHenry_AL,Res,33.836394,-86.060515,0.23,0.77,0.328,,
NH10,0,4,0.123,0.6182,0.2588,NeelyHenry_AL,Res,33.836394,-86.060515,0.328,0.672,0.295,,
NH11,0,4,0.156,0.636,0.208,NeelyHenry_AL,Res,33.836394,-86.060515,0.358,0.642,0.383,,
NH2,1,4,0.1713,0.7124,0.1163,NeelyHenry_AL,Res,33.836394,-86.060515,0.325,0.675,0.35,,
NH3,0,4,0.2882,0.6245,0.0873,NeelyHenry_AL,Res,33.836394,-86.060515,0.262,0.738,0.393,,
NH4,0,4,0.1393,0.691,0.1697,NeelyHenry_AL,Res,33.836394,-86.060515,0.369,0.631,0.311,,
NH45,0,4,0.198,0.5807,0.2213,NeelyHenry_AL,Res,33.836394,-86.060515,0.352,0.648,0.279,,
NH46,1,4,0.2567,0.434,0.3093,NeelyHenry_AL,Res,33.836394,-86.060515,0.279,0.721,0.328,,
NH47,0,4,0.308,0.611,0.081,NeelyHenry_AL,Res,33.836394,-86.060515,0.242,0.758,0.283,,
NH48,0,4,0.159,0.699,0.142,NeelyHenry_AL,Res,33.836394,-86.060515,0.433,0.567,0.4,,
NH49,0,4,0.2186,0.6518,0.1296,NeelyHenry_AL,Res,33.836394,-86.060515,0.344,0.656,0.361,,
NH5,2,4,0.257,0.6197,0.1233,NeelyHenry_AL,Res,33.836394,-86.060515,0.238,0.762,0.246,,
NH50,0,4,0.1017,0.7352,0.1631,NeelyHenry_AL,Res,33.836394,-86.060515,0.328,0.672,0.295,,
NH6,0,4,0.146,0.654,0.2,NeelyHenry_AL,Res,33.836394,-86.060515,0.328,0.672,0.295,,
NH8,0,4,0.1313,0.7527,0.116,NeelyHenry_AL,Res,33.836394,-86.060515,0.32,0.68,0.18,,
NH9,2,4,0.1977,0.678,0.1243,NeelyHenry_AL,Res,33.836394,-86.060515,0.32,0.68,0.377,,
OC17001,0,4,0.1769,0.2756,0.5475,OconneRiver_GA,River,32.2752194,-82.64409167,0.8421,0.1579,0.2105,,
OC17005,0,4,0.052,0.0247,0.9234,OconneRiver_GA,River,32.2752194,-82.64409167,0.8947,0.1053,0.2105,,
OC1713,0,4,0.008,0.046,0.946,OconneRiver_GA,River,32.2752194,-82.64409167,0.9605,0.0395,0.0789,,
OC1715,0,4,0.023,0.044,0.933,OconneRiver_GA,River,32.2752194,-82.64409167,0.8421,0.1579,0.2105,,
OC1729,0,4,0.044,0.056,0.9,OconneRiver_GA,River,32.2752194,-82.64409167,0.9605,0.0395,0.0789,,
OC1741,0,4,0.01,0.054,0.936,OconneRiver_GA,River,32.2752194,-82.64409167,0.9342,0.0658,0.0789,,
OC1748,0,4,0.019,0.032,0.949,OconneRiver_GA,River,32.2752194,-82.64409167,0.9211,0.0789,0.1053,,
OC1763,0,4,0.03,0.04,0.93,OconneRiver_GA,River,32.2752194,-82.64409167,0.9737,0.0263,0.0526,,
OC1774,0,4,0.0437,0.089,0.8673,OconneRiver_GA,River,32.2752194,-82.64409167,0.8947,0.1053,0.1053,,
Otter10,0,1,0.91,0.086,0.004,OtterLake_IL,River,39.415762,-89.903702,0,1,0,,
Otter12,0,1,0.959,0.036,0.005,OtterLake_IL,River,39.415762,-89.903702,0.0082,0.9918,0.016,,
Otter13,1,1,0.983,0.012,0.005,OtterLake_IL,River,39.415762,-89.903702,0.0082,0.9918,0.016,,
Otter16,0,1,0.989,0.008,0.003,OtterLake_IL,River,39.415762,-89.903702,0.041,0.959,0.0492,,
Otter17,0,1,0.982,0.015,0.003,OtterLake_IL,River,39.415762,-89.903702,0.0082,0.9918,0.0164,,
Otter18,0,1,0.964,0.024,0.012,OtterLake_IL,River,39.415762,-89.903702,0.0082,0.9918,0.0164,,
Otter2,6,1,0.909,0.085,0.006,OtterLake_IL,River,39.415762,-89.903702,0.0164,0.9836,0.033,,
Otter21,0,1,0.988,0.008,0.004,OtterLake_IL,River,39.415762,-89.903702,0.0082,0.9918,0.016,,
Otter23,4,1,0.989,0.008,0.003,OtterLake_IL,River,39.415762,-89.903702,0.0164,0.9836,0,,
Otter30,0,1,0.9071,0.0859,0.007,OtterLake_IL,River,39.415762,-89.903702,,,,,
Otter36,1,1,0.937,0.059,0.004,OtterLake_IL,River,39.415762,-89.903702,,,,,
Otter37,1,1,0.881,0.115,0.004,OtterLake_IL,River,39.415762,-89.903702,,,,,
Otter4,1,1,0.9533,0.0407,0.006,OtterLake_IL,River,39.415762,-89.903702,0.0328,0.9672,0.066,,
Otter40,0,1,0.99,0.005,0.005,OtterLake_IL,River,39.415762,-89.903702,,,,,
Otter5,0,1,0.9547,0.0403,0.005,OtterLake_IL,River,39.415762,-89.903702,0.0246,0.9754,0.016,,
Otter6,1,1,0.969,0.026,0.005,OtterLake_IL,River,39.415762,-89.903702,0.0164,0.9836,0.033,,
OU136,0,4,0.7372,0.042,0.2207,Ouachita_AR,Res,34.591915,-93.315217,0.1842,0.8158,0.3158,,
OU148,0,4,0.58,0.152,0.268,Ouachita_AR,Res,34.591915,-93.315217,0.3026,0.6974,0.6053,,
OU166,0,4,0.7181,0.087,0.1949,Ouachita_AR,Res,34.591915,-93.315217,0.1711,0.8289,0.1842,,
OU204,0,4,0.838,0.082,0.08,Ouachita_AR,Res,34.591915,-93.315217,0.1184,0.8816,0.2368,,
OU206,0,4,0.7079,0.0743,0.2179,Ouachita_AR,Res,34.591915,-93.315217,0.1842,0.8158,0.3684,,
OUAR18100,0,4,0.7751,0.2079,0.017,Ouachita_AR,Res,34.591915,-93.315217,0,1,0,,
OUAR18101,0,4,0.9293,0.0377,0.033,Ouachita_AR,Res,34.591915,-93.315217,0.0132,0.9868,0.0263,,
OUAR18102,0,4,0.856,0.139,0.005,Ouachita_AR,Res,34.591915,-93.315217,0.0263,0.9737,0.0526,,
OUAR18110,0,4,0.917,0.078,0.005,Ouachita_AR,Res,34.591915,-93.315217,0.0395,0.9605,0.0263,,
OUAR18112,0,4,0.8377,0.1573,0.005,Ouachita_AR,Res,34.591915,-93.315217,0,1,0,,
OUAR18113,1,4,0.8433,0.1517,0.005,Ouachita_AR,Res,34.591915,-93.315217,0.0132,0.9868,0.0263,,
OUAR18114,0,4,0.7987,0.1473,0.054,Ouachita_AR,Res,34.591915,-93.315217,0.0526,0.9474,0.1053,,
OUAR18119,0,4,0.8777,0.1153,0.007,Ouachita_AR,Res,34.591915,-93.315217,0,1,0,,
OUAR18122,0,4,0.895,0.1,0.005,Ouachita_AR,Res,34.591915,-93.315217,0.0263,0.9737,0.0526,,
OUAR18127,0,4,0.892,0.103,0.005,Ouachita_AR,Res,34.591915,-93.315217,0,1,0,,
OUAR18131,0,4,0.9123,0.0817,0.006,Ouachita_AR,Res,34.591915,-93.315217,0.0658,0.9342,0.1316,,
OUAR18132,0,4,0.8359,0.1581,0.006,Ouachita_AR,Res,34.591915,-93.315217,0,1,0,,
OUAR18134,0,4,0.8384,0.1566,0.005,Ouachita_AR,Res,34.591915,-93.315217,0.0263,0.9737,0,,
OUAR18145,1,4,0.55,0.077,0.373,Ouachita_AR,Res,34.591915,-93.315217,0.4474,0.5526,0.5263,,
OUAR18178,0,4,0.789,0.172,0.039,Ouachita_AR,Res,34.591915,-93.315217,0.0658,0.9342,0.1316,,
OUAR18181,0,4,0.9346,0.0223,0.043,Ouachita_AR,Res,34.591915,-93.315217,0.1316,0.8684,0.2105,,
OUAR18190,1,4,0.8547,0.1393,0.006,Ouachita_AR,Res,34.591915,-93.315217,0,1,0,,
OUAR18195,0,4,0.865,0.13,0.005,Ouachita_AR,Res,34.591915,-93.315217,0.0395,0.9605,0.0789,,
OUAR18201,0,4,0.7957,0.1433,0.061,Ouachita_AR,Res,34.591915,-93.315217,0.1053,0.8947,0.2105,,
OUAR18203,0,4,0.8382,0.1284,0.0334,Ouachita_AR,Res,34.591915,-93.315217,0,1,0,,
OUAR18225,1,4,0.8199,0.1011,0.0791,Ouachita_AR,Res,34.591915,-93.315217,0.1711,0.8289,0.2368,,
OUAR18229,0,4,0.778,0.1127,0.1093,Ouachita_AR,Res,34.591915,-93.315217,0.0395,0.9605,0.0789,,
OUAR18232,0,4,0.784,0.123,0.093,Ouachita_AR,Res,34.591915,-93.315217,0.0921,0.9079,0.1316,,
OUAR1890,1,4,0.876,0.118,0.006,Ouachita_AR,Res,34.591915,-93.315217,0.4342,0.5658,0.6579,,
OUAR1898,0,4,0.925,0.068,0.007,Ouachita_AR,Res,34.591915,-93.315217,0,1,0,,
RM09,0,4,0.2347,0.3817,0.3837,RockyMt_GA,Res,34.342365,-85.329193,,,,,
RM1,0,4,0.2221,0.4188,0.3591,RockyMt_GA,Res,34.342365,-85.329193,,,,,
RM11,0,4,0.1137,0.4003,0.486,RockyMt_GA,Res,34.342365,-85.329193,,,,,
RM12,0,4,0.2314,0.3011,0.4675,RockyMt_GA,Res,34.342365,-85.329193,,,,,
RM13,0,4,0.0867,0.4038,0.5095,RockyMt_GA,Res,34.342365,-85.329193,,,,,
SE19004,0,4,0.007,0.154,0.839,LakeSeminole_FL,River,30.707393,-84.863213,0.8857,0.1143,0.1714,,
SE19009,0,4,0.007,0.2399,0.7531,LakeSeminole_FL,River,30.707393,-84.863213,0.8286,0.1714,0.2286,,
SE19010,0,4,0.0217,0.1817,0.7967,LakeSeminole_FL,River,30.707393,-84.863213,0.8857,0.1143,0.2286,,
SE19015,0,4,0.0157,0.2183,0.766,LakeSeminole_FL,River,30.707393,-84.863213,0.8714,0.1286,0.2,,
SE1911,0,4,0.022,0.129,0.849,LakeSeminole_FL,River,30.707393,-84.863213,0.8857,0.1143,0.2286,,
SE1914,0,4,0.0807,0.2217,0.6977,LakeSeminole_FL,River,30.707393,-84.863213,0.8857,0.1143,0.1714,,
SE1917,0,4,0.025,0.229,0.746,LakeSeminole_FL,River,30.707393,-84.863213,0.8,0.2,0.3429,,
SE1921,0,4,0.0073,0.1791,0.8135,LakeSeminole_FL,River,30.707393,-84.863213,0.8714,0.1286,0.2,,
SE1922,0,4,0.016,0.125,0.859,LakeSeminole_FL,River,30.707393,-84.863213,0.8429,0.1571,0.2,,
SE1923,0,4,0.01,0.165,0.825,LakeSeminole_FL,River,30.707393,-84.863213,0.8286,0.1714,0.2857,,
SE1929,0,4,0.008,0.1672,0.8248,LakeSeminole_FL,River,30.707393,-84.863213,0.8429,0.1571,0.0857,,
SE1932,0,4,0.009,0.112,0.879,LakeSeminole_FL,River,30.707393,-84.863213,0.9286,0.0714,0.1429,,
SE1934,0,4,0.009,0.093,0.898,LakeSeminole_FL,River,30.707393,-84.863213,0.9286,0.0714,0.1429,,
SE1937,0,4,0.009,0.214,0.777,LakeSeminole_FL,River,30.707393,-84.863213,0.8857,0.1143,0.1714,,
SE1939,0,4,0.0286,0.1869,0.7845,LakeSeminole_FL,River,30.707393,-84.863213,0.8714,0.1286,0.2,,
SE1943,0,4,0.009,0.1401,0.8509,LakeSeminole_FL,River,30.707393,-84.863213,0.8857,0.1143,0.1143,,
SE1944,0,4,0.0584,0.2491,0.6926,LakeSeminole_FL,River,30.707393,-84.863213,0.7286,0.2714,0.4857,,
SE1948,0,4,0.009,0.1895,0.8015,LakeSeminole_FL,River,30.707393,-84.863213,0.8429,0.1571,0.1429,,
SE1949,0,4,0.007,0.121,0.872,LakeSeminole_FL,River,30.707393,-84.863213,0.8857,0.1143,0.2286,,
SE1950,0,4,0.013,0.1563,0.8307,LakeSeminole_FL,River,30.707393,-84.863213,0.8857,0.1143,0.1714,,
Sips110,0,4,0.1267,0.7643,0.109,SipseyRiver_AL,River,33.91454,-87.68724,,,,,
SIPS114,0,4,0.025,0.97,0.005,SipseyRiver_AL,River,33.91454,-87.68724,,,,,
Sips13,0,4,0.018,0.937,0.045,SipseyRiver_AL,River,33.91454,-87.68724,,,,,
Sips14,0,4,0.048,0.944,0.008,SipseyRiver_AL,River,33.91454,-87.68724,,,,,
Sipsey111,2,4,0.036,0.8743,0.0897,SipseyRiver_AL,River,33.91454,-87.68724,,,,,
Sipsey112,0,4,0.055,0.792,0.153,SipseyRiver_AL,River,33.91454,-87.68724,,,,,
Sipsey113,0,4,0.056,0.9227,0.0213,SipseyRiver_AL,River,33.91454,-87.68724,,,,,
Sipsey115,2,4,0.0791,0.8989,0.022,SipseyRiver_AL,River,33.91454,-87.68724,,,,,
Sipsey116,0,4,0.018,0.942,0.04,SipseyRiver_AL,River,33.91454,-87.68724,,,,,
Sipsey117,1,4,0.009,0.986,0.005,SipseyRiver_AL,River,33.91454,-87.68724,,,,,
Sipsey118,1,4,0.053,0.9074,0.0396,SipseyRiver_AL,River,33.91454,-87.68724,,,,,
Sipsey119,0,4,0.046,0.9147,0.0393,SipseyRiver_AL,River,33.91454,-87.68724,,,,,
Sipsey120,1,4,0.014,0.981,0.005,SipseyRiver_AL,River,33.91454,-87.68724,,,,,
Sipsey121,0,4,0.049,0.945,0.006,SipseyRiver_AL,River,33.91454,-87.68724,,,,,
Sipsey122,1,4,0.0147,0.8823,0.103,SipseyRiver_AL,River,33.91454,-87.68724,,,,,
Sipsey123,0,4,0.042,0.9161,0.042,SipseyRiver_AL,River,33.91454,-87.68724,,,,,
Sipsey124,0,4,0.046,0.949,0.005,SipseyRiver_AL,River,33.91454,-87.68724,,,,,
Sipsey125,0,4,0.0153,0.9797,0.005,SipseyRiver_AL,River,33.91454,-87.68724,,,,,
Sipsey126,0,4,0.006,0.976,0.018,SipseyRiver_AL,River,33.91454,-87.68724,,,,,
Sipsey127,0,4,0.036,0.9001,0.064,SipseyRiver_AL,River,33.91454,-87.68724,,,,,
Sipsey128,0,4,0.0597,0.9223,0.018,SipseyRiver_AL,River,33.91454,-87.68724,,,,,
Sipsey129,2,4,0.067,0.924,0.009,SipseyRiver_AL,River,33.91454,-87.68724,,,,,
SL10b10,1,1,0.989,0.008,0.003,SugarLake_MN,River,45.313849,-94.044879,0.0328,0.9672,0.0328,,
SL11,1,1,0.993,0.004,0.003,SugarLake_MN,River,45.313849,-94.044879,0.0082,0.9918,0.0164,,
SL14,0,1,0.993,0.004,0.003,SugarLake_MN,River,45.313849,-94.044879,0.0164,0.9836,0.0328,,
SL15,0,1,0.992,0.005,0.003,SugarLake_MN,River,45.313849,-94.044879,0.0167,0.9833,0,,
SL16,1,1,0.992,0.005,0.003,SugarLake_MN,River,45.313849,-94.044879,0.0086,0.9914,0.0172,,
SL19,1,1,0.991,0.006,0.003,SugarLake_MN,River,45.313849,-94.044879,0,1,0,,
SL2,1,1,0.992,0.005,0.003,SugarLake_MN,River,45.313849,-94.044879,0.0164,0.9836,0,,
SL20,4,1,0.992,0.004,0.004,SugarLake_MN,River,45.313849,-94.044879,0.0164,0.9836,0,,
SL21,1,1,0.993,0.004,0.003,SugarLake_MN,River,45.313849,-94.044879,,,,,
SL23,0,1,0.993,0.004,0.003,SugarLake_MN,River,45.313849,-94.044879,0,1,0,,
SL31,5,1,0.9504,0.0356,0.014,SugarLake_MN,River,45.313849,-94.044879,0.0164,0.9836,0,,
SL34,0,1,0.985,0.009,0.006,SugarLake_MN,River,45.313849,-94.044879,0.0082,0.9918,0.0164,,
SL36,0,1,0.992,0.005,0.003,SugarLake_MN,River,45.313849,-94.044879,0.0164,0.9836,0,,
SL37,0,1,0.992,0.005,0.003,SugarLake_MN,River,45.313849,-94.044879,0.0246,0.9754,0.0164,,
SL40,1,1,0.99,0.006,0.004,SugarLake_MN,River,45.313849,-94.044879,,,,,
SL43,0,1,0.989,0.007,0.004,SugarLake_MN,River,45.313849,-94.044879,0.0082,0.9918,0.0164,,
SL8,1,1,0.99,0.006,0.004,SugarLake_MN,River,45.313849,-94.044879,0.0246,0.9754,0.0492,,
SR191201,0,4,0.014,0.096,0.89,SavannahR_GA,River,32.76825,-81.42406667,,,,,
SR191279,0,4,0.006,0.023,0.971,SavannahR_GA,River,32.76825,-81.42406667,0.9429,0.0571,0.0571,,
SR191282,0,4,0.008,0.0537,0.9383,SavannahR_GA,River,32.76825,-81.42406667,0.9,0.1,0.0857,,
SR191283,0,4,0.003,0.004,0.993,SavannahR_GA,River,32.76825,-81.42406667,0.9559,0.0441,0.0882,,
SR191286,0,4,0.008,0.011,0.981,SavannahR_GA,River,32.76825,-81.42406667,0.9559,0.0441,0.0294,,
SR191287,1,4,0.0367,0.014,0.9493,SavannahR_GA,River,32.76825,-81.42406667,0.9571,0.0429,0.0857,,
SR191289,0,4,0.034,0.021,0.945,SavannahR_GA,River,32.76825,-81.42406667,0.8714,0.1286,0.0286,,
SR191290,0,4,0.01,0.019,0.971,SavannahR_GA,River,32.76825,-81.42406667,0.9143,0.0857,0.1143,,
SR191291,0,4,0.006,0.023,0.971,SavannahR_GA,River,32.76825,-81.42406667,0.9853,0.0147,0.0294,,
SR191292,0,4,0.013,0.017,0.97,SavannahR_GA,River,32.76825,-81.42406667,0.9412,0.0588,0.1176,,
SR191296,2,4,0.011,0.0193,0.9697,SavannahR_GA,River,32.76825,-81.42406667,0.9265,0.0735,0.0882,,
SR191304,0,4,0.009,0.02,0.971,SavannahR_GA,River,32.76825,-81.42406667,0.9429,0.0571,0.0571,,
SR191305,0,4,0.012,0.046,0.942,SavannahR_GA,River,32.76825,-81.42406667,0.9,0.1,0.1429,,
SR191310,0,4,0.01,0.019,0.971,SavannahR_GA,River,32.76825,-81.42406667,0.9429,0.0571,0.0571,,
SR191320,0,4,0.0283,0.077,0.8947,SavannahR_GA,River,32.76825,-81.42406667,0.8857,0.1143,0.1714,,
SR191455,0,4,0.0163,0.0707,0.913,SavannahR_GA,River,32.76825,-81.42406667,0.9265,0.0735,0.0294,,
TN11851,0,2,0.011,0.984,0.005,Tensaw_AL,River,32.76825,-81.42406667,,,,,
TN11853,1,2,0.0043,0.9897,0.006,Tensaw_AL,River,32.76825,-81.42406667,,,,,
TN11854,1,2,0.006,0.989,0.005,Tensaw_AL,River,32.76825,-81.42406667,,,,,
UOM17147,0,4,0.007,0.0666,0.9264,UpperOcmulgee_GA,River,33.047167,-83.736461,0.9737,0.0263,0.0526,,
UOM17148,0,4,0.0773,0.071,0.8517,UpperOcmulgee_GA,River,33.047167,-83.736461,0.8684,0.1316,0.2632,,
UOM17160,0,4,0.15,0.4513,0.3987,UpperOcmulgee_GA,River,33.047167,-83.736461,0.5526,0.4474,0.3158,,
UOM17166,0,4,0.008,0.032,0.96,UpperOcmulgee_GA,River,33.047167,-83.736461,0.9342,0.0658,0.1316,,
UOM17175,0,4,0.215,0.244,0.541,UpperOcmulgee_GA,River,33.047167,-83.736461,0.6184,0.3816,0.5526,,
UOM17177,1,4,0.163,0.193,0.644,UpperOcmulgee_GA,River,33.047167,-83.736461,0.7895,0.2105,0.2632,,
UOM17179,0,4,0.0954,0.2194,0.6852,UpperOcmulgee_GA,River,33.047167,-83.736461,0.7368,0.2632,0.3158,,
VA19578,1,4,0.3918,0.014,0.5942,SmithMt_VA,Res,37.071791,-79.615805,0.4429,0.5571,0.3714,,
VA19598,0,4,0.465,0.017,0.518,VADGIF_F1s,Res,X,X,0.5,0.5,1,F1,
VA19615,0,4,0.4362,0.023,0.5408,VADGIF_F1s,Res,X,X,0.5,0.5,1,F1,
VA19622,6,4,0.3907,0.1283,0.481,SmithMt_VA,Res,37.071791,-79.615805,0.6286,0.3714,0.4571,,
VA19661,0,4,0.4399,0.0716,0.4885,VADGIF_F1s,Res,X,X,0.5,0.5,1,F1,
VA19723,4,4,0.4728,0.022,0.5052,VADGIF_F1s,Res,X,X,0.5,0.5,1,F1,
VA19810,0,4,0.428,0.0433,0.5287,VADGIF_F1s,Res,X,X,0.5,0.5,1,F1,
VA19831,10,4,0.417,0.066,0.517,SmithMt_VA,Res,37.071791,-79.615805,0.4286,0.5714,0.5143,,
VADGIF19573,9,4,0.384,0.153,0.463,SmithMt_VA,Res,37.071791,-79.615805,0.5429,0.4571,0.2286,,
VADGIF19789,8,4,0.2299,0.092,0.6781,SmithMt_VA,Res,37.071791,-79.615805,0.5286,0.4714,0.4286,,
WH51,0,4,0.5668,0.3502,0.083,Wheeler_AL,Res,34.718623,-87.144439,0.1466,0.8534,0.2586,,
WH52,0,4,0.5792,0.4038,0.017,Wheeler_AL,Res,34.718623,-87.144439,0.119,0.881,0.1429,,
WH53,0,4,0.65,0.33,0.02,Wheeler_AL,Res,34.718623,-87.144439,0.0984,0.9016,0.1639,,
WH54,1,4,0.6908,0.2872,0.022,Wheeler_AL,Res,34.718623,-87.144439,0.125,0.875,0.2167,,
WH55,0,4,0.5087,0.4103,0.081,Wheeler_AL,Res,34.718623,-87.144439,0.0877,0.9123,0.1404,,
WH56,0,4,0.6347,0.3513,0.014,Wheeler_AL,Res,34.718623,-87.144439,0.0658,0.9342,0.1316,,
WH57,1,4,0.596,0.29,0.114,Wheeler_AL,Res,34.718623,-87.144439,0.1228,0.8772,0.1404,,
WH58,0,4,0.6344,0.3586,0.007,Wheeler_AL,Res,34.718623,-87.144439,0.087,0.913,0.087,,
WH59,0,4,0.7192,0.2748,0.006,Wheeler_AL,Res,34.718623,-87.144439,0.0984,0.9016,0.0656,,
WH60,0,4,0.656,0.338,0.006,Wheeler_AL,Res,34.718623,-87.144439,0.1066,0.8934,0.082,,
WH61,0,4,0.4031,0.2582,0.3388,Wheeler_AL,Res,34.718623,-87.144439,0.377,0.623,0.5574,,
WH62,1,4,0.555,0.391,0.054,Wheeler_AL,Res,34.718623,-87.144439,0.1066,0.8934,0.1475,,
WH63,0,4,0.5155,0.3194,0.1651,Wheeler_AL,Res,34.718623,-87.144439,0.2541,0.7459,0.4426,,
WH64,0,4,0.4542,0.2639,0.2819,Wheeler_AL,Res,34.718623,-87.144439,0.2881,0.7119,0.5085,,
WH65,0,4,0.3969,0.4219,0.1811,Wheeler_AL,Res,34.718623,-87.144439,0.2869,0.7131,0.4098,,
WH66,0,4,0.4958,0.3086,0.1956,Wheeler_AL,Res,34.718623,-87.144439,0.2174,0.7826,0.1739,,
WH72,8,4,0.4875,0.5085,0.004,Wheeler_AL,Res,34.718623,-87.144439,0.0738,0.9262,0.082,,
WH73,0,4,0.6419,0.3301,0.028,Wheeler_AL,Res,34.718623,-87.144439,0.0984,0.9016,0.1639,,
WH74,0,4,0.5632,0.2127,0.2241,Wheeler_AL,Res,34.718623,-87.144439,0.25,0.75,0.3333,,
WH75,1,4,0.332,0.278,0.39,Wheeler_AL,Res,34.718623,-87.144439,0.418,0.582,0.2787,,
WP21,4,4,0.2131,0.2505,0.5364,WestPoint_GA,Res,33.0221,-85.1661,,,,,
WP30,2,4,0.1404,0.4605,0.3991,WestPoint_GA,Res,33.0221,-85.1661,,,,,
WP33,1,4,0.121,0.4765,0.4025,WestPoint_GA,Res,33.0221,-85.1661,,,,,
WP35,0,4,0.2403,0.2303,0.5295,WestPoint_GA,Res,33.0221,-85.1661,,,,,
WP37,1,4,0.1814,0.3555,0.4632,WestPoint_GA,Res,33.0221,-85.1661,,,,,
WP39,1,4,0.2693,0.3847,0.346,WestPoint_GA,Res,33.0221,-85.1661,,,,,
WP40,1,4,0.2079,0.3245,0.4677,WestPoint_GA,Res,33.0221,-85.1661,,,,,
WP42,2,4,0.1419,0.1196,0.7385,WestPoint_GA,Res,33.0221,-85.1661,,,,,
WP45,1,4,0.198,0.4253,0.3767,WestPoint_GA,Res,33.0221,-85.1661,,,,,
WP47,8,4,0.1074,0.4962,0.3965,WestPoint_GA,Res,33.0221,-85.1661,,,,,
WP50,2,4,0.2259,0.3572,0.4169,WestPoint_GA,Res,33.0221,-85.1661,,,,,
WP51,0,4,0.135,0.3862,0.4788,WestPoint_GA,Res,33.0221,-85.1661,,,,,
WP52,0,4,0.1873,0.397,0.4157,WestPoint_GA,Res,33.0221,-85.1661,,,,,
WP62,0,4,0.111,0.487,0.402,WestPoint_GA,Res,33.0221,-85.1661,,,,,
WP64,0,4,0.206,0.3917,0.4023,WestPoint_GA,Res,33.0221,-85.1661,,,,,
WP70,1,4,0.1863,0.4217,0.392,WestPoint_GA,Res,33.0221,-85.1661,,,,,
WP74,4,4,0.062,0.4705,0.4675,WestPoint_GA,Res,33.0221,-85.1661,,,,,
WP75,0,4,0.216,0.3633,0.4207,WestPoint_GA,Res,33.0221,-85.1661,,,,,
WP77,2,4,0.004,0.015,0.981,WestPoint_GA,Res,33.0221,-85.1661,,,,,
